seller_id,revenue,profit,profit_margin,profit_rank
53243585a1d6dc2643021fd1853d8905,133631.48999999987,125701.93,94.07,1
4869f7a5dfa277a7dca6462dcf3b52b2,125482.69999999944,114105.96999999996,90.93,2
fa1c13f2614d7b5c4749cbc52fecda94,113224.57999999967,107457.01999999995,94.91,3
7e93a43ef30c4f03f38b393420bc753a,101750.10000000011,98079.18000000001,96.39,4
4a3ca9315b744ce9f8e9374361493884,112068.45999999862,92689.61000000019,82.71,5
7c67e1448b00f6e969d365cea6b010ab,106323.9000000009,77031.24,72.45,6
da8622b14eb17ae2831f4ac5b9dab84a,90347.20999999937,76334.68999999997,84.49,7
7a67c85e85bb2ce8582c35f2203ad736,82350.89000000038,70174.52999999997,85.21,8
46dc3b2cc0980fb8ec44634e21d2718e,71511.72999999994,65076.370000000024,91,9
955fee9216a65b617aa5c0531780ce60,72901.2100000001,59400.47000000006,81.48,10
1025f0e2d44d7041d6cf58b6550e0bfa,76156.00000000006,57453.64000000003,75.44,11
7d13fca15225358621be4086e1eb0964,60906.61000000006,56365.76000000004,92.54,12
620c87c171fb2a6dd6e8bb4dec959fc6,63749.15000000043,56042.39000000001,87.91,13
6560211a19b47992c3666cc44a7e94c0,70680.9,55204.81000000014,78.1,14
5dceca129747e92ff8ef7a997dc4f8ca,59391.73000000011,51750.26000000007,87.13,15
edb1ef5e36e0c8cd84eb3c9b003e486d,45139.00000000009,42844.08999999999,94.92,16
cc419e0650a3c5ba77189a1882b7556a,57110.489999999554,42811.0199999999,74.96,17
1f50f920176fa81dab994f9023523100,62375.68000000091,41791.02000000015,67,18
a1043bafd471dff536d0c462352beb48,57571.69999999987,38897.61000000002,67.56,19
3d871de0142ce09b7081e2b9d1733cb1,50244.50000000011,38295.15000000004,76.22,20
ccc4bbb5f32a6ab2b7066a4130f114e3,36727.10000000003,34101.04999999998,92.85,21
966cb4760537b1404caedd472cc610a5,34882.59000000001,33732.25000000001,96.7,22
f7ba60f8c3f99e7ee4042fdef03b70c4,34608,32423.389999999996,93.69,23
fe2032dab1a61af8794248c8196565c9,34230.11000000003,31727.650000000016,92.69,24
04308b1ee57b6625f47df1d56f00eedf,33023.10000000003,31568.63000000001,95.6,25
eeb6de78f79159600292e314a77cbd18,33215.87,31118.04,93.68,26
b839e41795b7f3ad94cc2014a52f6796,31563,30886.019999999997,97.86,27
8581055ce74af1daba164fdbd55a40de,36133.24,30631.949999999997,84.77,28
2bf6a2c1e71bbd29a4ad64e6d3c3629f,30291.300000000003,29742.9,98.19,29
7ddcbb64b5bc1ef36ca8c151f6ec77df,33210.11000000013,28766.740000000013,86.62,30
522620dcb18a6b31cd7bdf73665113a9,31236.150000000016,28735.929999999997,92,31
f5a590cf36251cf1162ea35bef76fe84,31011.88,28562.379999999994,92.1,32
25c5c91f63607446a97b143d2d535d31,31481.43000000003,27477.97000000001,87.28,33
cca3071e3e9bb7d12640c9fbe2301306,35067.31000000015,27376.950000000008,78.07,34
17e34d8224d27a541263c4c64b11a56b,30297.07000000002,27313.55,90.15,35
e882b2a25a10b9c057cc49695f222c19,28403.73,26806.660000000007,94.38,36
37be5a7c751166fbc5f8ccba4119e043,29799.18000000002,26600.29999999999,89.27,37
218d46b86c1881d022bce9c68a7d4b15,30389.110000000004,26192.920000000006,86.19,38
de722cd6dad950a92b7d4f82673f8833,30908.600000000115,25774.499999999993,83.39,39
b2ba3715d723d245138f291a6fe42594,29432.690000000122,25580.050000000017,86.91,40
ceaec5548eefc6e23e6607c5435102e7,28274.310000000034,24913.369999999995,88.11,41
b37c4c02bda3161a7546a4e6d222d5b2,24075,23662.399999999998,98.29,42
634964b17796e64304cadf1ad3050fb7,26017.000000000022,22253.88999999998,85.54,43
b33e7c55446eabf8fe1a42d037ac7d6d,23138.480000000007,21760.519999999993,94.04,44
f8db351d8c4c4c22c6835c19a46f01b0,28601.80000000019,21545.57999999998,75.33,45
77530e9772f57a62c906e1c21538ab82,26190.30000000001,21408.629999999986,81.74,46
850f4f8af5ea87287ac68de36e29107f,22949.770000000026,21371.260000000006,93.12,47
c826c40d7b19f62a09e2d7c5e7295ee2,23988.88000000007,21023.049999999992,87.64,48
4e922959ae960d389249c378d1c939f5,24842.030000000006,20853.260000000006,83.94,49
4d6d651bd7684af3fffabd5f08d12e5a,25272.200000000055,20794.309999999994,82.28,50
8160255418d5aaa7dbdc9f4c64ebda44,24726.700000000073,20476.430000000015,82.81,51
2eb70248d66e0e3ef83659f71b244378,21872.18,20414.119999999995,93.33,52
7178f9f4dd81dcef02f62acdf8151e01,22349.22000000001,19849.500000000007,88.82,53
c3cfdc648177fdbbbb35635a37472c53,22926.560000000038,19766.11999999999,86.21,54
ba90964cff9b9e0e6f32b23b82465f7b,20331.699999999997,19674.260000000002,96.77,55
7681ef142fd2c19048da7430856b5588,20786.809999999998,18873.260000000002,90.79,56
59417c56835dd8e2e72f91f809cd4092,19337,18781.88,97.13,57
834f3294fba9f932f56edc879193f925,20621.6,18578.25999999999,90.09,58
17f51e7198701186712e53a39c564617,24030,18550.670000000002,77.2,59
e9779976487b77c6d4ac45f75ec7afe9,24219.280000000097,18515.619999999995,76.45,60
e9bc59e7b60fc3063eb2290deda4cced,20644.72999999999,17961.239999999998,87,61
d91fb3b7d041e83b64a00a3edfb37e4f,22746.680000000015,17639.459999999992,77.55,62
5c243662ce92d84573bfaff24c3e3700,18512.249999999996,17560.040000000005,94.86,63
c3867b4666c7d76867627c2f7fb22e21,19909.2,17343.250000000007,87.11,64
712e6ed8aa4aa1fa65dab41fed5737e4,20603,17141.33,83.2,65
7b0df942f46435babab05d49b744b2c4,17176.879999999997,16719.720000000005,97.34,66
391fc6631aebcf3004804e51b40bcf1e,22340.140000000065,16707.26000000001,74.79,67
7299e27ed73d2ad986de7f7c77d919fa,20894.38000000002,16643.669999999995,79.66,68
c70c1b0d8ca86052f45a432a38b73958,18497.00999999997,16461.210000000025,88.99,69
2528513dd95219a6013d4d05176e391a,18085,16031.089999999998,88.64,70
9c0e69c7bf2619675bbadf47b43f655a,17500.349999999988,15980.79999999999,91.32,71
7142540dd4c91e2237acb7e911c4eba2,19411.229999999985,15881.619999999983,81.82,72
17a053fcb14bd219540cbde0df490be0,19935.4,15392.24,77.21,73
b32be1695eb7ec5f10f72d9610a12527,17024,15211.079999999998,89.35,74
dbc22125167c298ef99da25668e1011f,19576.899999999998,14898.470000000003,76.1,75
0b90b6df587eb83608a64ea8b390cf07,17202.95,14891.539999999992,86.56,76
7e1fb0a3ebfb01ffb3a7dae98bf3238d,16689.64,14755.52,88.41,77
1835b56ce799e6a4dc4eddc053f04066,19498.74000000001,14686.569999999985,75.32,78
e59aa562b9f8076dd550fcddf0e73491,15541.8,14512.980000000003,93.38,79
70a12e78e608ac31179aea7f8422044b,17632.09,14288.259999999993,81.04,80
06a2c3af7b3aee5d69171b0e14f0ee87,21117.62000000005,14147.479999999992,66.99,81
de23c3b98a88888289c6f5cc1209054a,15574.389999999983,14028.64,90.08,82
12b9676b00f60f3b700e83af21824c0e,16212,14025.940000000004,86.52,83
d23019c84ffae2d5ef2270367b8605fc,15343.099999999999,13892.25,90.54,84
a3a38f4affed601eb87a97788c949667,17131.419999999976,13876.310000000005,81,85
88460e8ebdecbfecb5f9601833981930,16536.749999999975,13834.789999999999,83.66,86
76d5af76d0271110f9af36c92573f765,15717.209999999995,13777.829999999989,87.66,87
710e3548e02bc1d2831dfc4f1b5b14d4,16397.089999999982,13674.769999999999,83.4,88
855668e0971d4dfd7bef1b6a4133b41b,18010.5,13661.33999999999,75.85,89
87142160b41353c4e5fca2360caf6f92,17211.39999999999,13441.500000000004,78.1,90
d1c281d3ae149232351cd8c8cc885f0d,16559.57999999998,13257.919999999998,80.06,91
900ba814c251a692506d7834c1218441,14366.19,13090.529999999999,91.12,92
59b22a78efb79a4797979612b885db36,15800.099999999997,12969.22,82.08,93
4a3ccda38b2129705f3fb522db62ca31,13738.199999999992,12648.699999999997,92.07,94
a416b6a846a11724393025641d4edd5e,14193.759999999993,12524.56,88.24,95
0241d4d5d36f10f80c644447315af0bd,15977.099999999982,12417.8,77.72,96
b94cc9f10ddc85e4ba73a6f7974e7101,12947.999999999996,12399.420000000002,95.76,97
ff69aa92bb6b1bf9b8b7a51c2ed9cf8b,13114,12177.420000000002,92.86,98
612170e34b97004b3ba37eae81836b4c,13546.569999999989,12153.81,89.72,99
1554a68530182680ad5c8b042c3ab563,15764.849999999968,12069.240000000003,76.56,100
53e4c6e0f4312d4d2107a8c9cddf45cd,17950.899999999998,11939.029999999992,66.51,101
05ff92fedb5be47920fea08e501238b9,13050.74,11910.759999999998,91.27,102
48162d548f5b1b11b9d29d1e01f75a61,12930.840000000002,11785.859999999997,91.15,103
1c68394e931a64f90ea236c5ea590300,13273.579999999994,11646.369999999995,87.74,104
ea8482cd71df3c1969d7b9473ff13abc,21419.47000000013,11368.259999999993,53.07,105
9f505651f4a6abe901a56cdc21508025,14557.189999999968,11247.460000000005,77.26,106
abe42c5d03695b4257b5c6cbf4e6784e,11848,11208.95,94.61,107
16090f2ca825584b5a147ab24aa30c86,14258.79999999996,11133.969999999996,78.08,108
dc4a0fc896dc34b0d5bfec8438291c80,13584.609999999995,11105.309999999998,81.75,109
70eea00b476a314817cefde4aad4f89a,12340.259999999995,10987.609999999997,89.04,110
039e6ad9dae79614493083e241147386,11255,10966.560000000001,97.44,111
c3acdfac4e3e97ff87529454fbc03642,11092,10899.97,98.27,112
f45122a9ab94eb4f3f8953578bc0c560,12601.749999999984,10645.050000000005,84.47,113
00ee68308b45bc5e2660cd833c3f81cc,12564,10639.26,84.68,114
8444e55c1f13cd5c179851e5ca5ebd00,11630.55,10615.98,91.28,115
8f2ce03f928b567e3d56181ae20ae952,12744.999999999976,10584.399999999998,83.05,116
c003204e1ab016dfa150abc119207b24,12691.799999999977,10371.670000000004,81.72,117
bfd27a966d91cfaafdb25d076585f0da,12055,10284.469999999998,85.31,118
1f1bb1f0859883505541bdd6606193e5,10556.92,10239.400000000001,96.99,119
06e5eefc71ec47ae763c5c6f8db7064f,11417.250000000005,10218.350000000002,89.5,120
d650b663c3b5f6fb392b6326366efa9a,10803.9,10217.000000000002,94.57,121
59fb871bf6f4522a87ba567b42dafecf,11124.229999999989,10069.269999999999,90.52,122
6061155addc1e54b4cfb51c1c2a32ad8,10600,10034.93,94.67,123
001cca7ae9ae17fb1caed9dfb1094831,15191.959999999994,9802.71000000001,64.53,124
f62d7bb4a613ec758a03342d46b580b2,10735,9784.85,91.15,125
c847e075301870dd144a116762eaff9a,10310.699999999997,9688.74,93.97,126
2a5b78b41cd05baeac8df54c6606b92c,10258.61,9666.51,94.23,127
004c9cd9d87a3c30c522c48c4fc07416,11722.419999999986,9665.130000000005,82.45,128
897060da8b9a21f655304d50fd935913,13082.619999999979,9561.030000000004,73.08,129
96493fab2fbb13a14d0c0e8772eef5c3,10226,9522.99,93.13,130
7ad32824caee82087b3e2e5f33b1bf32,11210.199999999997,9473.340000000007,84.51,131
ce248b21cb2adc36282ede306b7660e5,10942.799999999996,9448.559999999998,86.34,132
1a3df491d1c4f1589fc2b934ada68bf2,11494.199999999984,9298.760000000002,80.9,133
1e8b33f18b4f7598d87f5cbee2282cc2,10772.199999999986,9245.640000000005,85.83,134
40db9e9aa57f7bb151bcda6b0f9bdbb7,9520,9232.84,96.98,135
f9244d45189d3a3605499abddeade7d5,9655.599999999999,9159.34,94.86,136
9de4643a8dbde634fe55621059d92273,10108.299999999992,9108.32,90.11,137
cf8ab1616079e2793aa29d524df01bb1,9594,9098.08,94.83,138
729f06993dac8e860d4f02d7088ca48a,11740.099999999988,8918.929999999998,75.97,139
1900267e848ceeba8fa32d80c1a5f5a8,13344.629999999963,8889.020000000015,66.61,140
a888faf2d1baececa6baf9c3d603ee1f,9415.199999999995,8885.539999999997,94.37,141
e2a1ac9bf33e5549a2a4f834e70df2f8,8999.67,8866.98,98.53,142
c72de06d72748d1a0dfb2125be43ba63,9297,8765.32,94.28,143
229c3efbfb0ea2058de4ccdfbc3d784a,10035,8671.279999999997,86.41,144
c4d51195486dc781531876a7d00453d8,8871.96,8461.599999999999,95.37,145
44073f8b7e41514de3b7815dd0237f4f,10013.719999999994,8399.350000000002,83.88,146
75d34ebb1bd0bd7dde40dd507b8169c3,9264.589999999993,8390.360000000004,90.56,147
080199a181c46c657dc5aa235411be3b,9004.009999999993,8389.099999999999,93.17,148
8ae520247981aa06bc94abddf5f46d34,8898.11,8233.889999999998,92.54,149
05f51e13da97139648b8125c31e5f51b,9527.299999999994,8193.37,86,150
f08a5b9dd6767129688d001acafc21e5,8470.54,8175.94,96.52,151
f457c46070d02cadd8a68551231220dd,10095.099999999986,8110.869999999999,80.34,152
2b3e4a2a3ea8e01938cabda2a3e5cc79,8528.619999999997,8101.080000000003,94.99,153
0dd184061fb0eaa7ca37932c68ab91c5,10831.949999999999,7894.909999999998,72.89,154
8b8cfc8305aa441e4239358c9f6f2485,8811,7856.869999999999,89.17,155
8cc6a0e5738e61a87b03c78b2ba9db4b,8051.799999999999,7778.049999999999,96.6,156
527801b552d0077ffd170872eb49683b,8912.99999999999,7772.080000000001,87.2,157
8fb791022c1fc8909664f48ab7dc636d,8119.949999999999,7756.549999999999,95.52,158
66e0557ecc2b4dbea057e93f215f68d8,8026,7723.750000000002,96.23,159
ef0ace09169ac090589d85746e3e036f,8897.199999999992,7689.660000000003,86.43,160
34d1ca11b242c0fee2c834ae8d788566,8259.440000000002,7648.05,92.6,161
d921b68bf747894be13a97ae52b0f386,8547.899999999998,7621.710000000001,89.16,162
744dac408745240a2c2528fb1b6028f3,8183,7551.08,92.28,163
94144541854e298c2d976cb893b81343,8074.789999999997,7491.990000000001,92.78,164
05feb94f19d094d4b0f9281f0b1d4c99,8027,7480.76,93.19,165
0c8380b62e38e8a1e6adbeba7eb9688c,9753.889999999985,7473.920000000001,76.63,166
610f72e407cdd7caaa2f8167b0163fd8,7931.36,7470.74,94.19,167
ad97a199236354e53fcd91a5a913e9a2,7829.9,7455.54,95.22,168
cd68562d3f44870c08922d380acae552,8481.4,7448.489999999999,87.82,169
440dd6ab244315c632130ecfb63827b1,8701.999999999993,7439.860000000001,85.5,170
dc317f341ab0e22f39acbd9dbf9b4a1f,9041.899999999996,7366.350000000001,81.47,171
e5a38146df062edaf55c38afa99e42dc,8456.290000000008,7329.8099999999995,86.68,172
7aa4334be125fcdd2ba64b3180029f14,9932.10999999999,7274.920000000001,73.25,173
1ca7077d890b907f89be8c954a02686a,8279.729999999996,7265.029999999999,87.74,174
213b25e6f54661939f11710a6fddb871,9324.900000000001,7231.0599999999995,77.55,175
8e6d7754bc7e0f22c96d255ebda59eba,8108.960000000003,7222.58,89.07,176
961dff0a659b4561334372337dd897d9,7297,7192.73,98.57,177
01fdefa7697d26ad920e9e0346d4bd1b,8771.209999999988,7185.660000000002,81.92,178
0adac9fbd9a2b63cccaac4f8756c1ca8,8564.259999999987,7147.7300000000005,83.46,179
a6bd7d1ccdac48c6b33b28596b7eb122,7542.1,7141.83,94.69,180
d05ae8f7a5bd1d2a690a44cd079e4e27,7835,7136.059999999997,91.08,181
41b39e28db005d9731d9d485a83b4c38,9335.479999999978,7121.690000000002,76.29,182
b372ee768ed69e46ca8cdbd267aa7a38,7705,7050.859999999999,91.51,183
6e386f64c84e482f0b9abf960797ee1b,7313.0999999999985,7025.2699999999995,96.06,184
a5cba26a62b8b4d0145b68b841e62e7f,7765.22,7014.33,90.33,185
b1b3948701c5c72445495bd161b83a4c,7139.67,7009.3099999999995,98.17,186
3b15288545f8928d3e65a8f949a28291,8540.259999999987,6968.11,81.59,187
821fb029fc6e495ca4f08a35d51e53a5,7729.719999999999,6959.170000000001,90.03,188
86ccac0b835037332a596a33b6949ee1,9072.329999999984,6930.320000000004,76.39,189
ed4acab38528488b65a9a9c603ff024a,7145.239999999998,6844.92,95.8,190
54a1852d1b8f10312c55e906355666ee,8550.719999999983,6830.790000000002,79.89,191
a3e9a2c700480d9bb01fba070ba80a0e,8700.8,6788.370000000002,78.02,192
4b9750c8ad28220fe6702d4ecb7c898f,8570.299999999981,6788.049999999997,79.2,193
165fc07beebdcb6190fba8a06db2a449,7577.799999999999,6772.850000000001,89.38,194
c66dccfb3f109511246da627dd5a2498,7372.05,6761.4800000000005,91.72,195
2a84855fd20af891be03bc5924d2b453,8529.09999999999,6715.169999999997,78.73,196
aba1721a889e04decc910aa13b768ef4,7392.4,6690.01,90.5,197
b8bc237ba3788b23da09c0f1f3a3288c,7688.809999999998,6635.13,86.3,198
9e6229250fedbe05838fef417b74e7fb,7705.499999999993,6621.700000000002,85.93,199
6039e27294dc75811c0d8a39069f52c0,7963.599999999992,6613.59,83.05,200
e3b4998c7a498169dc7bce44e6bb6277,6767.9,6562.629999999999,96.97,201
d2374cbcbb3ca4ab1086534108cc3ab7,11825.259999999931,6508.1200000000135,55.04,202
d50d79cb34e38265a8649c383dcffd48,7686.599999999994,6491.540000000002,84.45,203
056b4ada5bbc2c50cc7842547dda6b51,7217.659999999994,6490.899999999999,89.93,204
4bfc7a4a1cf8d4d2121c27422d9e50b5,7465.699999999995,6490.169999999999,86.93,205
d6b1ce66b035a475f00c017792ff9769,7806.599999999997,6477.360000000002,82.97,206
240b9776d844d37535668549a396af32,6796.569999999997,6412.92,94.36,207
b4f8921fcc4ff77b66bea6dda43dcd51,7190.599999999999,6387.370000000002,88.83,208
fa40cc5b934574b62717c68f3d678b6d,8813.239999999974,6333.0700000000015,71.86,209
99eaacc9e6046db1c82b163c5f84869f,6914.79,6329.0999999999985,91.53,210
79ebd9a61bac3eaf882805ed4ecfa12a,8467.59999999999,6289.2800000000025,74.27,211
7202e2ba20579a9bd1acb29e61fe71f6,6913.999999999996,6265.099999999999,90.61,212
669ae81880e08f269a64487cfb287169,8291.41,6147.670000000002,74.15,213
a00824eb9093d40e589b940ec45c4eb0,6399.98,6147,96.05,214
6d66611d7c44cc30ce351abc49a68421,7866.199999999987,6144.73,78.12,215
1f9ab4708f3056ede07124aad39a2554,7455.969999999995,6142.860000000001,82.39,216
1b4c3a6f53068f0b6944d2d005c9fc89,7661.529999999993,6121.29,79.9,217
e24fc9fcd865784fb25705606fe3dfe7,6594,6088.72,92.34,218
c8b0e2b0a7095e5d8219575d5e7e1181,6891.559999999994,6061.749999999999,87.96,219
fbc14c0cf93505ef89f64665ffa4a7b5,6295.929999999999,6060.57,96.26,220
431af27f296bc6519d890aa5a05fdb11,7274.999999999991,6049.0999999999985,83.15,221
72c5da29406b4234927b81855e7b64f6,6528.819999999998,6017.55,92.17,222
a673821011d0cec28146ea42f5ab767f,7377.56999999999,6010.990000000002,81.48,223
5cf13accae3222c70a9cac40818ae839,7577.09999999999,5993.0099999999975,79.09,224
c31eff8334d6b3047ed34bebd4d62c36,7304.689999999991,5987.71,81.97,225
6c12e40690c335dbc2f68a4134d30dc1,6289.699999999999,5986.91,95.19,226
397c4d0c005b6f41f90098ac724e28cb,6378,5974.740000000001,93.68,227
09f952a5f58d2285b0372551ae8f9b01,6803.359999999999,5953.389999999999,87.51,228
c6bda72e4dbf5c5866b13cb1810c6d03,6413.199999999999,5934.31,92.53,229
7b07b3c7487f0ea825fc6df75abd658b,6826.749999999998,5926.059999999999,86.81,230
1c5e4e49b9079480255b49d50aac1aa9,6413.110000000001,5897.050000000001,91.95,231
ac3508719a1d8f5b7614b798f70af136,7765.589999999994,5895.080000000001,75.91,232
2e90cb1677d35cfe24eef47d441b7c87,7497.609999999991,5864.869999999999,78.22,233
289cdb325fb7e7f891c38608bf9e0962,6928.159999999995,5851.48,84.46,234
2e1c9f22be269ef4643f826c9e650a52,7311.429999999982,5814.640000000004,79.53,235
5d378b73ab7dd6f0418d743e5dcb0bd1,5967,5803.75,97.26,236
d94a40fd42351c259927028d163af842,7743.500000000001,5801.31,74.92,237
530ec6109d11eaaf87999465c6afee01,7274.729999999994,5745.589999999998,78.98,238
adbc26658d6c7b4b6219f9d934598091,6792.499999999997,5734.519999999999,84.42,239
4c2b230173bb36f9b240f2b8ac11786e,8360.58999999997,5728.840000000011,68.52,240
8e8a7ce9f2f970dc00e2acf6f6e199f6,6532,5693.700000000002,87.17,241
7901646fdd36a55f564ffaf2dbccaaf7,6013.359999999999,5692.5599999999995,94.67,242
d71d863e5ef30d94e440c11be17dcd8f,6154.9,5641.440000000001,91.66,243
06df0c10d34e459d9672bc77388742eb,5980,5614.570000000001,93.89,244
6edacfd9f9074789dad6d62ba7950b9c,7204.899999999984,5546.000000000003,76.98,245
66922902710d126a0e7d26b0e3805106,7219.5999999999985,5538.760000000002,76.72,246
e26901d5ab434ce92fd9b5c256820a4e,7240.199999999984,5529.140000000003,76.37,247
cfb1a033743668a192316f3c6d1d2671,7705.88999999999,5524.049999999998,71.69,248
bbf9ad41dca6603e614efcdad7aab8c4,6049,5447.37,90.05,249
270297ead4c65a6cd2593960d2af6b21,5782.669999999999,5441.1,94.09,250
f1fd5ab1181f827ffad998c1a5de7d74,6075.99,5377.26,88.5,251
dd2bdf855a9172734fbc3744021ae9b9,6573.099999999992,5376.37,81.79,252
1d8dbc4f32378d715c717c1c1fc57bae,6622.189999999996,5371.659999999999,81.12,253
ff4ea69c2a729e83e63c7579e4ef8170,5469,5332.990000000001,97.51,254
3c487ae8f8d7542beff5788e2e0aea83,5805.899999999999,5324.5599999999995,91.71,255
76d64c4aca3a7baf218bf93ef7fa768d,6623.699999999997,5305.119999999998,80.09,256
e8b3a3a38279a82f0e5d006d5e5b7d2c,6226.099999999996,5292.669999999998,85.01,257
25e6ffe976bd75618accfe16cefcbd0d,6263.359999999999,5288.160000000001,84.43,258
c33847515fa6305ce6feb1e818569f13,7139.77,5250.79,73.54,259
512d298ac2a96d1931b6bd30aa21f61d,5423.3499999999985,5229.340000000001,96.42,260
bd23da7354813347129d751591d1a6e2,5969.199999999997,5176.980000000001,86.73,261
c60b801f2d52c7f7f91de00870882a75,5467.9,5172.09,94.59,262
5b8154610ebb21fb90eb587365e673df,5834.7599999999975,5171.7,88.64,263
7ea5bfa6c340f58f8e71fc1f0412b0d6,6015.539999999993,5100.799999999997,84.79,264
33dd941c27854f7625b968cc6195a552,5410,5082.5,93.95,265
2b1a40c1daabc6ca280c4b815c101841,5999.819999999998,5063.23,84.39,266
4aba391bc3b88717ce08eb11e44937b2,5754.88,5057.02,87.87,267
ff063b022a9a0aab91bad2c9088760b7,5977.5,5008.97,83.8,268
0df3984f9dfb3d49ac6366acbd3bbb85,5922.349999999998,4978.529999999999,84.06,269
5f2684dab12e59f83bef73ae57724e45,5629.9699999999975,4953.6500000000015,87.99,270
8476243f92442881ddd5b578975cf115,5132,4938.17,96.22,271
8d956fec2e4337affcb520f56fd8cbfd,7015.819999999982,4933.910000000002,70.33,272
82e0a475a88cc9595229d8029273f045,5737.269999999998,4930,85.93,273
a7f13822ceb966b076af67121f87b063,6495.250000000002,4924.580000000001,75.82,274
784ba75dd9d20200c4caed3d7a77141a,5322.3799999999965,4919.179999999999,92.42,275
cab85505710c7cb9b720bceb52b01cee,6653.099999999988,4911.250000000001,73.82,276
3078096983cf766a32a06257648502d1,5877.309999999998,4904.6900000000005,83.45,277
6973a06f484aacf400ece213dbf3d946,5605.6799999999985,4881.69,87.08,278
e7df4cd29ab5abab70fb0783ddb53987,5072.200000000001,4835.330000000001,95.33,279
c26a2be5b53b7db6b276280da212a779,5387,4829.799999999999,89.66,280
a63bfbaa882c8f4542891b4e2246cc7f,5035,4810,95.53,281
b347677812ea483b0f528eaf8cbc09b7,5355.99,4796.359999999999,89.55,282
048c2757535328e0d7dac690ad3c0aae,5583.979999999998,4787.5700000000015,85.74,283
6d803cb79cc31c41c4c789a75933b3c7,5578.2,4785.500000000001,85.79,284
ade45994b717ccee333492330fbf037b,4993,4773.179999999999,95.6,285
17306570e772e7718c92a562d33f5f1d,5200.4,4754.119999999999,91.42,286
93dc87703c046b603023e75222018b45,5112.5,4752.830000000001,92.96,287
b3b17aab11f273023a5f22ca52e1eb70,5147,4752.4800000000005,92.33,288
624f4ece8da4aafb77699233d480f8ef,5765,4749.110000000001,82.38,289
c9c7905cffc4ef9ff9f113554423e671,5750.379999999996,4717.960000000001,82.05,290
fcb5ace8bcc92f75707dc0f01a27d269,5251.61,4698.2300000000005,89.46,291
23d7c96d4a1160db1c726b248601b25a,5271.4,4696.41,89.09,292
2089a6d640999f9b9141ac719b2af596,5052.049999999999,4687.65,92.79,293
00fc707aaaad2d31347cf883cd2dfe10,5894.549999999998,4684.840000000001,79.48,294
80e6699fe29150b372a0c8a1ebf7dcc8,6240.319999999997,4679.790000000001,74.99,295
6cd68b3ed6d59aaa9fece558ad360c0a,5970.179999999995,4660.440000000001,78.06,296
813348c996469b40f2e028d5429d3495,6770.50999999999,4645.470000000001,68.61,297
f3b80352b986ab4d1057a4b724be19d0,5851.299999999999,4634.67,79.21,298
014c0679dd340a0e338872e7ec85666a,5095,4630.94,90.89,299
b499c00f28f4b7069ff6550af8c1348a,6059.929999999985,4622.019999999999,76.27,300
70c27847eca8195c983ed7e798c56743,5265.079999999997,4616.54,87.68,301
33a17d60c64393351ebf1ef860f4e0f2,5376.909999999999,4599.490000000001,85.54,302
af4a0e4cfe1d9c26b6712b1be25a72e5,4888.15,4581.7699999999995,93.73,303
48436dade18ac8b2bce089ec2a041202,6006.7099999999955,4569.810000000001,76.08,304
42bde9fef835393bb8a8849cb6b7f245,5046,4559.130000000001,90.35,305
9d4db00d65d7760644ac0c14edb5fd86,5426.409999999999,4558.55,84.01,306
0b35c634521043bf4b47e21547b99ab5,5364.449999999999,4555.800000000002,84.93,307
17ca9b9e9b9ef8fdb529001b49ebb50f,5919.839999999999,4554.659999999999,76.94,308
5a8e7d5003a1f221f9e1d6e411de7c23,6030.299999999994,4534.1900000000005,75.19,309
26d8a1c7c75d513045798992ead43aa2,4836.579999999999,4530.9800000000005,93.68,310
c004e5ea15737026cecaee0447e00b75,4700,4525.68,96.29,311
b1a81260566c1bac3114a6d124413f27,5606.689999999998,4518.200000000002,80.59,312
0be8ff43f22e456b4e0371b2245e4d01,5745.099999999995,4465.09,77.72,313
81a1104df0f08b59c68aa5b03cfe398e,5467.849999999998,4450.879999999999,81.4,314
e96498ed8daaa3e9c23f7a62da76591c,4724.249999999997,4407.28,93.29,315
86bb7c4b535e49a541baf3266b1c95b1,4581.099999999999,4403.05,96.11,316
87b740daf17b5d1be335a64164ec6842,4799.96,4396.17,91.59,317
4e17c65a516f69d023a2ae78b84f28d6,5104.7699999999995,4370.14,85.61,318
d03698c2efd04a549382afa6623e27fb,4804.31,4360.030000000001,90.75,319
3db66a856d18a9cba7c9241fc5221c50,5514.199999999997,4338.909999999999,78.69,320
cee48807215b30a12ca2ca10ffb5f250,4945.740000000002,4327.560000000001,87.5,321
bba3293d6f5d5af2f415e004e8b93ae3,4458.7,4324.42,96.99,322
54065e9aef7e9e9c2dc23b7594db021a,4462,4321.11,96.84,323
9d5a9018aee56acb367ba9c3f05d1d6a,5099.119999999998,4317.929999999999,84.68,324
257e61d3251fb5efb9daadddbc2cf7ca,4635,4309.99,92.99,325
701938c450705b8ae65fc923b70f35c7,6152.61,4279.32,69.55,326
ce7d1888639e6fb06b2749cbfdac1ff7,5695.99,4261.15,74.81,327
01cf7e3d21494c41fb86034f2e714fa1,5385.509999999999,4261.140000000001,79.12,328
455c5640e8c5bd1b2ee85c0158f85727,4499.700000000001,4215.78,93.69,329
73a63f72308aa20a46f4b1632018f196,4827.299999999999,4215.719999999999,87.33,330
b410bdd36d5db7a65dcd42b7ead933b8,4773,4184.86,87.68,331
db2956745b3a8e9f3785c99f34b5d25e,4671,4182.58,89.54,332
54965bbe3e4f07ae045b90b0b8541f52,5394.600000000001,4169.970000000001,77.3,333
a420f60ff1aa9acc80d0e42959f2b313,4794.6,4146.379999999998,86.48,334
0db783cfcd3b73998abc6e10e59a102f,5231.899999999999,4111.370000000001,78.58,335
d6b664fa0667064c6d76394e7848d790,4331,4099.65,94.66,336
33a6f4b1e7cdc205511e76ba1b6e0186,5010.509999999995,4091.349999999999,81.66,337
5343d0649eca2a983820bfe93fc4d17e,5606.14,4088.32,72.93,338
6a51fc556dab5f766ced6fbc860bc613,4542.179999999999,4077.41,89.77,339
a49928bcdf77c55c6d6e05e09a9b4ca5,5073.0999999999985,4068.88,80.21,340
63b464dbf392c7b80d12d932fa7cafed,4693,4053.989999999999,86.38,341
02d35243ea2e497335cd0f076b45675d,4459,4050.27,90.83,342
08633c14ef2db992c11f840f04fad4cd,4966.799999999999,4030.47,81.15,343
06532f10282704ef4c69168b914b77be,4362.04,4000.7400000000007,91.72,344
4371b634e0efc0e22b09b52907d9d469,4849,3967.76,81.83,345
5bffbafbb22daf6d3bfc216a46db8708,4256.789999999998,3963.2999999999993,93.11,346
87e24fc7052259b1f7f607d61c10d8be,4025.79,3942.72,97.94,347
7040e82f899a04d1b434b795a43b4617,5926.799999999994,3939.440000000001,66.47,348
e5e33c0d8e7e002f398f5dc4cbbb338f,4420.55,3935.6,89.03,349
cb8bcce248bb1fb274ba762d8b971456,4490.700000000001,3929.79,87.51,350
6fa9202c10491e472dffd59a3e82b2a3,4676.16,3925.6,83.95,351
d1b65fc7debc3361ea86b5f14c68d2e2,4478.33,3894.1800000000003,86.96,352
822bad9bc42b51213ba522fe87b7ab5d,4317,3891.7,90.15,353
903037660cf848a717166eb7a06d616e,4458.149999999996,3889.5599999999995,87.25,354
30829ded4523ab9224b93bc49a62c95f,4293.670000000002,3886.3599999999997,90.51,355
ccb83a794700270fde70898fe9ff368b,4562,3881.9,85.09,356
058fd0aa2bfdb2274e05e1ae971dabb6,4382.1,3876.2800000000007,88.46,357
31344c16881c08a8a72c6d2eb29918c1,5097.7,3873.2400000000002,75.98,358
f262cbc1c910c83959f849465454ddd3,5166.789999999987,3866.24,74.83,359
95e03ca3d4146e4011985981aeb959b9,5714.409999999994,3835.6000000000004,67.12,360
4830e40640734fc1c52cd21127c341d4,5738.189999999994,3831.730000000001,66.78,361
e0a366315b1b726b6c7832d664c0f530,4262.000000000001,3827.100000000001,89.8,362
6bd69102ab48df500790a8cecfc285c2,3900,3824.42,98.06,363
ce27a3cc3c8cc1ea79d11e561e9bebb6,4968.039999999997,3819.5600000000004,76.88,364
0873d9f8f36123f8d910f4760e788cfb,3916.4300000000003,3815.2700000000004,97.42,365
725c32fa80c2faacc4fc88450d27314e,4589.049999999996,3808.3799999999997,82.99,366
aaed1309374718fdd995ee4c58c9dfcd,5008.999999999999,3777.000000000002,75.4,367
5058e8c1e82653974541e83690655b4a,5612.339999999994,3761.8100000000004,67.03,368
7b1222c3624aa89b9558b50a2594188c,3939.2799999999997,3755.35,95.33,369
381c83fdca332ea6afd896da20bf6e4a,4310.9,3754.0400000000004,87.08,370
36a968b544695394e4e9d7572688598f,4845.140000000002,3719.630000000006,76.77,371
066a6914e1ebf3ea95a216c73a986b91,4633.699999999998,3707.0800000000004,80,372
f021c962aaba8ef6eb527a9c2c8394d1,3819.6,3706.8199999999997,97.05,373
2138ccb85b11a4ec1e37afbd1c8eda1f,7110.369999999966,3690.1699999999996,51.9,374
f25e239052084705e17a982bc600ab2a,3926,3683.52,93.82,375
099095b050cfe8eb1ddff5317587e96e,4183.879999999999,3676.4300000000003,87.87,376
85d9eb9ddc5d00ca9336a2219c97bb13,8402.279999999957,3667.5800000000063,43.65,377
2dee2ce60de9709b1a24083217181a1f,4973.799999999998,3666.31,73.71,378
18a349e75d307f4b4cc646a691ed4216,4997.359999999999,3664.4700000000016,73.33,379
ea566164622c6b439516ab18062c42cd,4027.3299999999995,3657.0400000000013,90.81,380
4c03b9dd4c11ee2cb35c96c49efc9420,4193.5,3652.1899999999996,87.09,381
6c177e38df6d3f34182b1f1d427231bf,4126,3632.2999999999997,88.03,382
ff1fb4c404b2efe68b03350a8dc24122,4210,3616.81,85.91,383
0691148aee60ca47977c187804f935ae,4676.830000000001,3609.1,77.17,384
b18dc380845b24038cfc48006478f099,4013.929999999998,3603.7199999999984,89.78,385
aafe36600ce604f205b86b5084d3d767,4933.200000000001,3599.3899999999976,72.96,386
1c129092bf23f28a5930387c980c0dfc,5277.389999999997,3598.9599999999996,68.2,387
3bb548e3cb7f70f28e3f11ee9dce0e59,4116.09,3594.7600000000007,87.33,388
dbb9b48c841a0e39e21f98e1a6b2ec3e,4453.979999999999,3583.8799999999997,80.46,389
1da366cade6d8276e7d8beea7af5d4bf,4670.3,3579.0499999999993,76.63,390
b19f3ca2ea475913750f25a5c37c8d8f,4465.839999999999,3571.1400000000003,79.97,391
9baf5cb77970f539089d09a38bcec5c3,3835.829999999999,3556.04,92.71,392
8b28d096634035667e8263d57ba3368c,4957.759999999999,3544.1100000000006,71.49,393
9b013e03b2ab786505a1d3b5c0756754,4885.499999999993,3542.9399999999996,72.52,394
bd4889b5e9133b35b66e42a8665cea5c,4220.639999999999,3538.8899999999994,83.85,395
0ea22c1cfbdc755f86b9b54b39c16043,5939.399999999989,3521.280000000004,59.29,396
02f623a8eb246f3c5f7c2f96462654e6,4040,3520.62,87.14,397
0432ead42b6c8a0bdf68154add917fdf,4136.200000000003,3503.5700000000006,84.71,398
822b63912576852aea9a8436d72317b7,3619.7200000000003,3499.55,96.68,399
d624126b9206f595fb3fbb6ba03b28a8,3720.3,3496.8100000000004,93.99,400
c864036feaab8c1659f65ea4faebe1da,4117.700000000002,3495.51,84.89,401
8a432f4e5b471f8da497d7dc517666e2,4627,3467.4200000000005,74.94,402
52ac6f920b7280e4c6d30dd94de6259b,3907.5000000000005,3464.0400000000004,88.65,403
5b67882648febfb6e1225e6ad7164f6b,3869.5899999999992,3458.3700000000003,89.37,404
9596c870880d900012f2e8e6e30d06d7,4728.599999999999,3452.47,73.01,405
54219883e72aad869adfb2a54b7bfa0f,4050,3446.9400000000005,85.11,406
b2ac621f0d0322434d04a12b078b9369,3768.8,3443.6400000000003,91.37,407
fffd5413c0700ac820c7069d66d98c89,5107.3,3430.4700000000007,67.17,408
5882820ef11c4c068eea0677a7a879b4,3745.7000000000003,3422.79,91.38,409
e333046ce6517bd8bb510291d44f0130,4269,3409.6300000000006,79.87,410
c510bc1718f0f2961eaa42a23330681a,3813.0499999999997,3409.6200000000003,89.42,411
bacb1f0ed56ad24198f5810d2b3fe9a5,3876.3600000000015,3402.3,87.77,412
b1fc4f64df5a0e8b6913ab38803c57a9,4609.629999999996,3375.1600000000008,73.22,413
cc3d14116804f7209f3884f6367f1152,3766.8,3340.9800000000005,88.7,414
58f1a6197ed863543e0136bdedb3fce2,3952,3326.07,84.16,415
52f976b17ea7f2f087f56dcc419328f6,3790,3321.17,87.63,416
dfc5fb7259bb2b599ca565e6e9448f0f,3804.819999999999,3320.2999999999997,87.27,417
6750d71153f00fc58829af2a8ef1bcf1,3415,3318.4,97.17,418
dd7ddc04e1b6c2c614352b383efe2d36,4814.899999999998,3295.3799999999997,68.44,419
282c7480173bb9c01dd41cc739fec010,3454.3,3281.6800000000003,95,420
1127b7f2594683f2510f1c2c834a486b,4370.500000000001,3281.2299999999996,75.08,421
972d0f9cf61b499a4812cf0bfa3ad3c4,4469.159999999998,3280.5000000000005,73.4,422
0cbcee27c791afa0cdcb08587a2013a8,3823.15,3276.5600000000004,85.7,423
f27e33c6d29b5138fa9967bcd445b6d5,4198.700000000003,3270.8700000000003,77.9,424
6fd52c528dcb38be2eea044946b811f8,3850.29,3265.25,84.81,425
f80edd2c5aaa505cc4b0a3b219abf4b8,4749.2,3263.83,68.72,426
ed46f1eb4a638113deb2a1137b5f22e9,3470,3253.3199999999997,93.76,427
b92e3c8f9738272ff7c59e111e108d7c,4654.090000000001,3248.28,69.79,428
ca3bd7cd9f149df75950150d010fe4a2,5420.42,3227.1499999999987,59.54,429
2fdde51ad3e12f297da656d4fbd5d0b5,3565,3208.65,90,430
83e197e95a1bbabc8c75e883ed016c47,3762.690000000001,3204.1999999999994,85.16,431
bd0389da23d89b726abf911cccc54596,4166.380000000003,3190.039999999999,76.57,432
5670f4db5b62c43d542e1b2d56b0cf7c,3419.88,3166.0600000000004,92.58,433
d51e0a403fe2e689ece6c73359d96e12,3441,3159.7200000000003,91.83,434
8931a84a914b3fe9b1ddaa4d704947ca,3424.1000000000004,3153.2899999999995,92.09,435
7bac63f6603d382cc8d0832eb6c100a8,3317.98,3152.96,95.03,436
259f7b5e6e482c230e5bfaa670b6bb8f,4626.41,3147.580000000002,68.04,437
cc63f0dd2acba93ffed4fe9f8e0321fa,3869.619999999999,3145.7599999999998,81.29,438
31ae0774c17fabd06ff707cc5bde005f,3519.94,3143.17,89.3,439
054694fa03fe82cec4b7551487331d74,3384.1,3120.7,92.22,440
f4c4daa86e30c7e5a553a8d518ac03a5,3284.77,3118.9600000000005,94.95,441
2e3be8a987a30d7544dbbda6861cc14e,3358.8999999999996,3116.3599999999997,92.78,442
9df5750209b83567ec144eb299d7d634,3283,3114.9499999999994,94.88,443
6288c69c4ce638e59925e59193f98b16,3302.3599999999988,3101.53,93.92,444
fdb9095204a334cd8872252ffec6f2db,3517,3089.24,87.84,445
a2e874074c877c5a05abae80ad6e488f,3753.2700000000004,3086.649999999999,82.24,446
8ff38bc3969e67c36c48343a07090f66,3472,3084.4400000000005,88.84,447
ebd2d60905fb58271facef5596b620d3,4022.080000000002,3084.33,76.68,448
dd55f1bb788714a40e7954c3be6df745,3379.73,3062.7900000000004,90.62,449
33c51922b6e3c16b24a8f28e5833c99d,3275.5400000000004,3051.86,93.17,450
503c1de08ae81a2d86f17951b204db55,3345,3050.02,91.18,451
ececbfcff9804a2d6b40f589df8eef2b,4154.789999999999,3036.7899999999977,73.09,452
5656537e588803a555b8eb41f07a944b,4931.870000000001,3031.029999999998,61.46,453
750303a20e9c56b2a6bc45cdce0b897d,3745.300000000001,3021.46,80.67,454
817245bcc3badd82bbd222e0366951a6,3462.1000000000017,3011.34,86.98,455
40d54b51e962dbe09cabbcfd33298dee,3170.98,3005.96,94.8,456
5b925e1d006e9476d738aa200751b73b,3508,3001.8799999999997,85.57,457
f6122bc84774df1b372bdb3bb88ddb9f,3049.88,3000.66,98.39,458
9803a40e82e45418ab7fb84091af5231,3224.75,2985.4900000000002,92.58,459
23c38debaffe4a25a30fdbd9b586a13f,3455.23,2964.7900000000004,85.81,460
679769a98cfcc6da877c8486ff1c13f3,3141,2957.21,94.15,461
04aa0a1c5ce6b222003403a3e11c3cc0,3548,2954.3200000000006,83.27,462
612a743d294c27884fb7b80d2b19ba35,3057.7000000000003,2953.25,96.58,463
0bae85eb84b9fb3bd773911e89288d54,4788.969999999997,2943.2000000000016,61.46,464
e8b4225284fbb02d16f200513f1f395d,3829.3200000000006,2917.9200000000005,76.2,465
bce6a5ecf98e99fd2a8868b15c51f04b,3119.9,2913.34,93.38,466
8648b1e89e9b349e32d3741b30ec737e,3763.4000000000005,2907.3399999999997,77.25,467
7722b1df1b0e383e000397b2c11e3e19,4105.140000000003,2907.010000000001,70.81,468
e70053bf73d1b5863932e53a9fa47496,3000,2900.3300000000004,96.68,469
fa1a9dec3a9940c072684a46728bf1fc,3543.000000000002,2899.060000000001,81.83,470
516e7738bd8f735ac19a010ee5450d8d,3748.090000000001,2884.31,76.95,471
e81e1f9c3e762e620f3fb60a51499e16,3287.99,2880.76,87.61,472
ba143b05f0110f0dc71ad71b4466ce92,3666.5199999999977,2872.11,78.33,473
4d0041cdbe51b4617d95c70b19decc74,2969.7000000000003,2854.2100000000005,96.11,474
751bdc4d83a466c7206cd42e8f426b03,3369.5599999999977,2824.3300000000013,83.82,475
cbd996ad3c1b7dc71fd0e5f5df9087e2,4397.989999999995,2816.9699999999993,64.05,476
4e7c18b98d84e05cbae3ff0ff03846c2,4322.3,2814.1499999999996,65.11,477
f12ff17ad8bbf01ec5c33b17e506649b,3202,2807.5400000000004,87.68,478
3340ef1913fb70d28420f6ceb685c339,3158.34,2798.87,88.62,479
1fe5540d7c1c37a595fefbacd5570d9e,3203.7000000000007,2786.3,86.97,480
94e93ce877be27a515118dbfd2c2be41,3309.0700000000015,2775.45,83.87,481
eb4df17aed01d918c65f0f8d650900c0,2911.92,2772.13,95.2,482
d9e8c084b68fe958861d8f2c21202e6b,2875,2766.16,96.21,483
180c3376aff0e43dd5788709df48a843,2869,2754.54,96.01,484
916c9de0b5ad957346eeeb12f332687e,3037.5,2754.54,90.68,484
640e21a7d01df7614a3b4923e990d40c,4059.0799999999986,2721.42,67.05,486
606ce7768feac12c5e8bd58db8b08f0f,2807.6,2712.9700000000003,96.63,487
2d2c62bef4c8ba0dd74e0e228e808539,3089,2712.7,87.82,488
7a241947449cc45dbfda4f9d0798d9d0,3353.9299999999994,2710.22,80.81,489
eed78ac17f7f795a19a709745f00cd4e,3279.900000000002,2705.250000000002,82.48,490
e5a3438891c0bfdb9394643f95273d8e,4681.970000000009,2699.86,57.67,491
2addf05f476d0637864454e93ba673d5,2921,2695.1199999999994,92.27,492
f35b3c613c4f7b2275f4185d0a3c59ec,2783.54,2693.2900000000004,96.76,493
4d600e08ecbe08258c79e536c5a42fee,2788,2690.89,96.52,494
91f848e9f4be368f4318775aac733370,3460.9899999999975,2687.95,77.66,495
abe021b01ba992245271b9aa422032df,2740,2685.5,98.01,496
32b8764b4ef628b53608fc34011fcc13,3915,2682.5999999999995,68.52,497
8e6cc767478edae941d9bd9eb778d77a,3840.1900000000014,2680.92,69.81,498
1444c08e64d55fb3c25f0f09c07ffcf2,2749,2679.26,97.46,499
45213867cefbf2cd4c6177e10216a951,2963.16,2678.78,90.4,500
afe0067131b73e40875c9b6c10bd2e21,3432.000000000002,2676.57,77.99,501
ea67327e24487bdfac5fbfa37ea124df,3201.0499999999993,2663.9900000000007,83.22,502
d566c37fa119d5e66c4e9052e83ee4ea,3213.900000000003,2643.5200000000004,82.25,503
37dd29b36c458d82f74a953c40c43645,2954.85,2629.74,89,504
e0878efa0e0b7e5313ac0b43bc04c081,2967.2000000000007,2625.6499999999996,88.49,505
02ecc2a19303f05e59ce133fd923fff7,2872.4000000000005,2618.6,91.16,506
835f0f7810c76831d6c7d24c7a646d4d,3192.1000000000017,2614.5699999999997,81.91,507
0bf0150d5b9d60d9cd2906003332f085,3272.3000000000015,2605.119999999999,79.61,508
1da3aeb70d7989d1e6d9b0e887f97c23,4908.889999999979,2589.2100000000005,52.75,509
1996942dc085d7773ba77a529b163cd0,2808.62,2582.2999999999997,91.94,510
31da954dc0855f2495c6310f70a2f931,2815,2578.89,91.61,511
dee656f0f566ed1aa85bd137c943f08f,3544.860000000002,2576.5700000000006,72.68,512
688756f717c462a206ad854c5027a64a,3936.859999999998,2569.029999999998,65.26,513
fad44952713764836814be105382aee5,2859,2565.7300000000005,89.74,514
4b5f66b7adcf57f1ecc0d3c07dd6b177,2929.3099999999995,2562.19,87.47,515
b1204cfda1d4948679db3cfc0d3cb95c,2713.7999999999997,2558.2599999999998,94.27,516
1bb2bdb95f4841f1bba2c0d2cd83d3c9,3231.1999999999985,2555.4899999999993,79.09,517
f181738b150df1f37cb0bd72e705b193,3244.100000000001,2548.3099999999995,78.55,518
670c26e0f1bf8d0576271d5cfaec6d2b,3406.4000000000005,2530.4199999999996,74.28,519
8a32e327fe2c1b3511609d81aaf9f042,3801.8099999999895,2529.280000000002,66.53,520
b39d7fe263ef469605dbb32608aee0af,3211.200000000001,2520.8399999999997,78.5,521
4677a5437afda5fa7140b927b07be1cc,2864.7000000000003,2519.6800000000003,87.96,522
d13e50eaa47b4cbe9eb81465865d8cfc,2907.4700000000003,2512.87,86.43,523
0ef83d7d83ed97cd2a0049ac8be5f88a,3212.8399999999997,2508.32,78.07,524
9674754b5a0cb32b638cec001178f799,3150.8700000000013,2500.64,79.36,525
4bf2f4ee540798a61f9636d12cd9cc80,2772.66,2498,90.09,526
6c7d50c24b3ccd2fd83b44d8bb34e073,3689.4500000000007,2495.4300000000007,67.64,527
376a891762bbdecbc02b4b6adec3fdda,3235.7799999999997,2492.12,77.02,528
fce62094ffe6a4009188ec44e681dfdd,2943.8,2486.96,84.48,529
6f892e20a171e98efe17fdb971ff319b,2835.800000000001,2483.0699999999997,87.56,530
575df70bde3f9f2b30bf8d2e9910d725,2927.4,2479.830000000001,84.71,531
6b243f80ed07b10f0e8aa0f21a205f3c,3313.3000000000025,2469.4900000000002,74.53,532
ef506c96320abeedfb894c34db06f478,5442.669999999978,2468.300000000001,45.35,533
f84a00e60c73a49e7e851c9bdca3a5bb,3601.0400000000013,2455.0199999999986,68.18,534
a4b6b9b992b46e9ef863637af96e04bc,2603,2454.3999999999996,94.29,535
1fdc574883ef3b33ad41562d93f3a74a,2632,2449.18,93.05,536
c35affa65afd250151285c5917fc1c8a,2799.95,2423.14,86.54,537
d9bd94811c3338dceb4181f3dbc0c73e,2791.07,2418.97,86.67,538
4917cee8d902e13428c3ec4b1ca6f315,3064.9,2412.42,78.71,539
3ade81dab5a172b88e1871c28ae05260,3261.8,2410.620000000001,73.9,540
403aa86912527d730337ffcb0fb096ab,2514.9300000000003,2402.8999999999996,95.55,541
7d456afc660226829370f3173d14520c,2925,2393.2599999999998,81.82,542
4e8dacf3d38f281ae26c3e0321d92d88,2585.05,2389.13,92.42,543
f0837c8d71434931d9e38e7b79234797,2675,2385.7,89.19,544
c4f7fee5b0db50e87766f5a4d1b1b758,2502.99,2385.5499999999997,95.31,545
5d0363b33554b373851fc1622e4d5f3c,3461.6000000000026,2385.01,68.9,546
ce69a8021d18961dd2a40269b7c2c293,2669.3600000000006,2384.5200000000004,89.33,547
e06f09ec0a4aca210779cf1cfc63cf19,2744.9900000000002,2375.73,86.55,548
5bc24d989e71e93c33e50a7782431b0e,2848.1000000000004,2373.2099999999996,83.33,549
8090490573c6c0aa343a7231ebcb8c86,2648.48,2354.7999999999997,88.91,550
282f23a9769b2690c5dda22e316f9941,3504.5,2351.37,67.1,551
2a7dc43cecabf23403078e2188437d1d,2904.4300000000003,2340.7800000000007,80.59,552
562fc2f2c2863ab7e79a9e4388a58a14,4794.389999999982,2321.5799999999986,48.42,553
609e1a9a6c2539919b8205cf7c4e6ff0,3826.4800000000027,2312.15,60.42,554
f2336e113377dd21c744d9c4fc8293a9,2464,2312.12,93.84,555
ad781527c93d00d89a11eecd9dcad7c1,3309.7999999999993,2310.6900000000005,69.81,556
57e632711dec9ec14ca7546769483e7e,2869.7900000000013,2297.2500000000005,80.05,557
a3dd39f583bc80bd8c5901c95878921e,2731.47,2289.6200000000003,83.82,558
7008613ea464bad5cb9b83456e1e6a8f,3959.8000000000006,2286.0700000000006,57.73,559
cb41bfbcbda0aea354a834ab222f9a59,2805,2271.2599999999998,80.97,560
abcd2cb37d46c2c8fb1bf071c859fc5b,3059.550000000001,2264.04,74,561
4c498c7345e89aebad651544829beca0,2560.590000000001,2262.2599999999998,88.35,562
709e16e2b25c7474d980076c6bfc4806,2856.3000000000015,2262.099999999999,79.2,563
34056b8b55c1775a22af2331670a799c,3328.2000000000007,2256.2000000000003,67.79,564
aeb36d67f1414f234d42a29e27cf1f17,2498.8,2256.19,90.29,565
3c4e0452bff7a2a788179488d3d77032,2657.5000000000014,2249.8000000000006,84.66,566
b6d44737c043328708f6749c2dbe50bd,2996.7000000000003,2246.6099999999997,74.97,567
3ab971ce71839580d2ae5b4e40fe8044,2695.1000000000004,2244.9900000000007,83.3,568
11305281b50fff20ae8bb473f8e11876,2759.6399999999994,2234.9000000000005,80.99,569
f680f85bee2d253556ac91be391d2c82,2744.13,2232.16,81.34,570
f805b96fa705ba7995a221f1749dc141,2444.45,2224.61,91.01,571
edf96ef93ed595084bbcbd9224bd2894,2662,2223.8600000000006,83.54,572
062ce95fa2ad4dfaedfc79260130565f,2816.0000000000014,2220.39,78.85,573
6fc26fe110feebd80a433e1f012a84f9,2870.91,2215.79,77.18,574
dd58ee93286b0821565574c570e9e1dc,2249,2209.69,98.25,575
67883baaae6134ee81b271a542613728,2324,2202.9399999999996,94.79,576
2c9e548be18521d1c43cde1c582c6de8,3531.770000000004,2201.1299999999997,62.32,577
eb3071b9f0b0ddaa2df5ea130f09f26b,2420,2199.0299999999997,90.87,578
6b333a05bf188ef3e1f1662a86bd9855,2679.9300000000003,2195.2599999999998,81.91,579
9add47bf45ce8e8c7db6b9cf670b1e09,2868.040000000001,2190.98,76.39,580
b8630e1121437d41cb08e3c749c2c2e2,2377,2190.31,92.15,581
ea6b12bf9ffe2bac34602ec631d97a47,2355.2,2189.8199999999997,92.98,582
13fa2a6c6b9d0f43cb588d7c82117a12,2294,2188.13,95.38,583
ad420dd0c4f92f8af951ac24b86d0cf5,2637.3799999999997,2179,82.62,584
febab0275244b9a49a623f0bd613ca2f,3805.3100000000018,2175.58,57.17,585
f7496d659ca9fdaf323c0aae84176632,2628.79,2174.6699999999996,82.73,586
45d33f715e24d15a6ccf5c17b3a23e3c,2664.299999999999,2172.5699999999997,81.54,587
9b1585752613ec342d03bbab9997ec48,2248.99,2171.27,96.54,588
76833248bbc0e65a0293ec62023e4396,2399.98,2169.2799999999997,90.39,589
f84fa566034f5e8e880a07ec624c56af,2876.710000000002,2168.8299999999995,75.39,590
3be634553519fb6536a03e1358e9fdc7,3060.370000000001,2167.9100000000003,70.84,591
d5ba419e26d246a0719437cf37d9b46d,2473.1,2148.65,86.88,592
e62b2d6ac10570a035a30bafcf01d263,2679.0600000000013,2139.6599999999994,79.87,593
c12b92bf1c350f3e6bf88d3596219c86,2329.79,2130.1099999999997,91.43,594
ef990a83bbea832f36ebe81376335aa8,2589.2900000000013,2127.2299999999996,82.15,595
7e3f87d16fb353f408d467e74fbd8014,3058.830000000002,2125.4600000000005,69.49,596
1b938a7ec6ac5061a66a3766e0e75f90,2791.400000000001,2121.69,76.01,597
aced59e9b31ef866a94f9e7f29d8d418,2483.0000000000005,2119.2599999999998,85.35,598
b4ffb71f0cb1b1c3d63fad021ecf93e1,3394.800000000001,2112.8200000000006,62.24,599
43f8c9950d11ecd03a0304a49e010da6,2442.7499999999995,2107.86,86.29,600
6ec1a01e866584bb679eb9b098345919,2567.0200000000004,2102.92,81.92,601
4c8545742faaf58fafd5fd14d25d75cf,2240,2102.01,93.84,602
681fce914360217db47784ae28905a96,2368.53,2101.7,88.73,603
bd697db56ff8e7c9cd1abeb7f72029b2,2389.8199999999997,2101.23,87.92,604
7dc8c42cc750eeafea6c85712ffee9bf,2441.96,2098.18,85.92,605
3f0e48d209018b466fcd3bb4ccfeb520,2199.6,2095.9399999999996,95.29,606
5b35136197710e16ac5e7b7c2bd4ea85,2264.6,2095.48,92.53,607
f789d2c4f2c2eb38fc4373e7a4b35264,2524.5899999999997,2080.91,82.43,608
9616352088dcf83a7c06637f4ebf1c80,2989.4000000000024,2078.1900000000005,69.52,609
e2aee0892199b1d92530e371abd825bf,3525.78,2073.7000000000003,58.82,610
c68fb906c8f4b4b946d8386bfa6e5467,2597.260000000001,2053.8000000000006,79.08,611
52562a9f449c3dc3d53f5f5b9ed74903,2307.1000000000004,2049.63,88.84,612
e067ad2c1c0b48758eb1b5228bcf7a68,2586.0500000000006,2031.4400000000003,78.55,613
8de8fe3af4449ed695d2434c933ed73e,2090,2024.65,96.87,614
f326006815956455b2859abd58fe7e39,2597.9700000000003,2021.0299999999997,77.79,615
02f5837340d7eb4f653d676c7256523a,2418.23,2020.3699999999994,83.55,616
d66c305afaec317ebee552073a674429,2780.7599999999993,2012.7400000000002,72.38,617
5d3bb11474a06bdc23fb9e89f1164ee0,2303.6,2002.29,86.92,618
beadbee30901a7f61d031b6b686095ad,2484.99,1999.56,80.47,619
dbd66278cbfe1aa1000f90a217ca4695,2918.5000000000014,1992.0399999999997,68.26,620
080102cd0a76b09e0dcf55fcacc60e05,3293.379999999998,1982.1800000000003,60.19,621
96804ea39d96eb908e7c3afdb671bb9e,2470.5,1982.12,80.23,622
14d7985702e72162bbf13b6beb74ab2b,2293,1975.39,86.15,623
cfa5ab0e4d3fc212fd0b3410e7081c62,2454.94,1973.4899999999998,80.39,624
b14db04aa7881970e83ffa9426897925,3249.6000000000013,1966.53,60.52,625
8a130737016f838139d31878787a39c9,2465.6300000000006,1965.8,79.73,626
7f152321c60a266edc53af1925ef96c1,2209.8900000000003,1963.8600000000001,88.87,627
aac29b1b99776be73c3049939652091d,3573.4399999999987,1959.6000000000001,54.84,628
cc5a78bbad32776dc4e3af205218368c,2850.7999999999997,1957.4499999999998,68.66,629
7f2617c58d5d06806987308b45654351,2158.6000000000004,1954.7299999999996,90.56,630
d93844a9c55ba7ce353388bcf849ea56,2348.7000000000007,1951.6600000000003,83.1,631
3364a91ec4d56c98e44174de954b94f6,2099.96,1951.6000000000001,92.94,632
79ed755314cfe6df0daef2c6cd3022cd,2208.6000000000004,1946.78,88.15,633
8ed8ea9a57c862f2c18c2fe41f601d56,2408.9,1944.7200000000003,80.73,634
83deb69e889cf80f82be1dc6d5f2d486,2354.9100000000003,1943.5000000000002,82.53,635
232a6014e7b10cba61c6c2b2ea6bb4b0,2884.570000000001,1940.6400000000003,67.28,636
3df020b72d3d44b3af9d110fa3940b65,2894.200000000003,1924.1799999999994,66.48,637
8b321bb669392f5163d04c59e235e066,9971.219999999934,1916.5299999999936,19.22,638
bc302730ea8cf49b5c74f579febb5bbf,2116.93,1915.5099999999998,90.49,639
d3dcf0604eabf0224fbd5948b5e02f69,2013.5,1910.99,94.91,640
c8b3445d737de6befde0c88ede534a5e,2359.26,1907.6400000000006,80.86,641
bccf933e006e9b94a6184af782963e77,2403.2299999999996,1897.95,78.97,642
1987cd4be10fe09ee50454f9c354d1c6,2085.8,1894.4700000000003,90.83,643
2199e7fe213c16213bf5d6a7eadc9a5d,2236.8,1893.0500000000004,84.63,644
ec80e49e69745ab6c14f984bf2149423,1974,1879.4,95.21,645
e9c6969d40e6a3d2d0f90013165c2b98,1998.98,1877.8400000000001,93.94,646
582d4f8675b945722eda7c0cb61ba4c7,2515.7599999999998,1874.2600000000004,74.5,647
8c16d1f32a54d92897cc437244442e1b,3127.9699999999993,1873.98,59.91,648
0176f73cc1195f367f7b32db1e5b3aa8,2533.900000000001,1861.7599999999995,73.47,649
dfa0c4c6229ab200a4a1336b4d7128ff,2932.200000000001,1859.4899999999998,63.42,650
1336efc61c316ddf92c899eb817f7cae,2739.369999999999,1844.3200000000008,67.33,651
6f229cc508fc6915ed5c499efd93baa4,2106.2000000000003,1842.2300000000002,87.47,652
f00e21b1e91a79653163b7fd8f293ff1,2123.4000000000005,1842.0100000000002,86.75,653
30a2f535bb48308f991d0b9ad4a8c4bb,2360.600000000002,1838.06,77.86,654
acce39e832338debb07b02385cde5967,2373.500000000001,1836.6199999999997,77.38,655
5b179e9e8cc7ab6fd113a46ca584da81,2068.5000000000005,1833.87,88.66,656
df560393f3a51e74553ab94004ba5c87,2187.4000000000005,1830.98,83.71,657
2156f2671501a81034d7d07f217609d0,2023.7999999999997,1830.0999999999997,90.43,658
38e679b9e0064cd94c6f035707344dae,2307.0099999999998,1829.5599999999997,79.3,659
bf3c6d2a28b2b5501e6c15448982dcc9,2229.7000000000007,1814.23,81.37,660
b561927807645834b59ef0d16ba55a24,2538.1900000000005,1812.9700000000007,71.43,661
f67efa3f0b6761102a7f8c6b7b571f5d,2238.84,1811.69,80.92,662
a3f0b55de503387383c7b1de3ad7f678,2534.5000000000005,1811.5,71.47,663
968268a686aa05d1f529fb07dff08130,1887.8899999999999,1811.11,95.93,664
ec8879960bd2221d5c32f8e12f7da711,2213.2000000000007,1800.13,81.34,665
42b729f859728f5079499127a9c2ef37,2589.120000000004,1796.3799999999992,69.38,666
c9a06ece156bb057372c68718ec8909b,2028.9,1795.2500000000002,88.48,667
c840d3fdbba0790404fdae73d253b253,1906.75,1789.97,93.88,668
60562ab00b8054280520d390c8c0045c,1975,1775.9499999999998,89.92,669
91f5779a8731baca4809fdeade81803f,1896.71,1766.4099999999999,93.13,670
c0563dd588b775f2e37747ef6ad6c92c,1958.6000000000006,1764.75,90.1,671
b17b679f4f5ce2e03ce6968c62648246,2450.28,1762.7500000000002,71.94,672
21e83881401b92b49fb09a16d3852291,2118.5699999999997,1752.5599999999997,82.72,673
04aba03279157f6d4e0fe8ccaf21963c,2022,1751.12,86.6,674
b8555308bfdb4ca1ed54325a58da9a97,2167.900000000001,1736.4499999999998,80.1,675
55a5b51f93f2b70ea513f5a047b0262a,2161.55,1733.6799999999998,80.21,676
6a8b085f816a1f75f92dbac6eb545f8f,2821.4700000000025,1730.3599999999994,61.33,677
5bc55dbe2f12b6af6d83ed46023e0dc8,2014.7000000000005,1726.52,85.7,678
05d2173d43ea568aa0540eba70d2ca76,2466.17,1725.8700000000003,69.98,679
33ac3e28642ab8bda860a2f693000e78,1979.0100000000004,1721.7699999999998,87,680
06579cb253ecd5a3a12a9e6eb6bf8f47,2682.2000000000016,1720.0700000000002,64.13,681
bbad7e518d7af88a0897397ffdca1979,2442.200000000002,1717.0700000000002,70.31,682
2a261b5b644fa05f4f2700eb93544f2c,2730,1714.1299999999994,62.79,683
55f7a3319d80f7fdf078b8f03e6725fe,1965.3500000000001,1707.7099999999998,86.89,684
e5f9e61ceb5f523cc966e0f34095032f,1789,1697.19,94.87,685
45ba18c210d42734ec52c0c1c574e9ee,2087.77,1694.17,81.15,686
cd6efc47efaabf134f8bdb654e10b4f1,1957.77,1689.89,86.32,687
42fa4ee7240e9b8eb4576358ec142ba7,1931.8000000000002,1681.7800000000002,87.06,688
71039d19d4303bf9054d69e9a9236699,2075.700000000001,1681.6399999999994,81.02,689
3c03b12bab54d8b37d79d914bfdb1aa0,2065.140000000001,1678.3400000000006,81.27,690
fcdd820084f17e9982427971e4e9d47f,2038.99,1677.8800000000003,82.29,691
1771297ac436903d1dd6b0e9279aa505,2085.4900000000002,1670.7800000000002,80.11,692
3f995f07c49d0d55a99d5c54957f7d81,1971,1668.2799999999995,84.64,693
d98eec89afa3380e14463da2aabaea72,3149.3399999999947,1667.5600000000009,52.95,694
fde0cc9ea29c8ccfc0a2c22256a58c71,2230,1665.7400000000005,74.7,695
f76a3b1349b6df1ee875d1f3fa4340f0,1957.4,1661.4199999999998,84.88,696
31561f325664a8a7aba4c8d0c3a9b3db,2109.620000000001,1659.43,78.66,697
3d8fa2f5b647373c8620330c4e077a9f,2110.3599999999997,1657.4100000000003,78.54,698
ed4311e67debd72b8610a5347a743087,1996,1655.45,82.94,699
bba74270a87732727b5a3b4fd9ac1c39,1923.8500000000001,1655.0800000000004,86.03,700
9449f25aeaf531019b76999ea49a6949,1796.5500000000002,1652.71,91.99,701
f1c1ac3f3efc07e659c035008e615e66,1863,1650.98,88.62,702
3f3486b61f45078d4f31ee5e43d8c5bb,2077.2900000000004,1648.6999999999998,79.37,703
602044f2c16190c2c6e45eb35c2e21cb,2183.2999999999997,1646.0200000000002,75.39,704
f46490624488d3ff7ce78613913a7711,2473.280000000001,1640.5300000000002,66.33,705
6b1c4d4d9ccf0be3d8544eb0e71e5318,1699,1638.96,96.47,706
a1040efe9ff4a6f93c28b0499eada8f5,1658.83,1624.35,97.92,707
e9d99831abad74458942f21e16f33f92,2775.109999999998,1620.8200000000002,58.41,708
244b04680fdbded0acf5aebd9c92b44a,1701.8000000000002,1614.81,94.89,709
99a54764c341d5dc80b4a8fac4eba3fb,2520.4600000000005,1612.479999999999,63.98,710
34f563c82a85b99ae9e6d60db5fc2e28,1712.6000000000001,1606.1,93.78,711
f615fe7efbef0f4f08fd3086bc7a3e60,1891.4700000000003,1605.2599999999998,84.87,712
951e8cef368f09bb3f3d03c00ca4702c,2385.6099999999988,1592.5799999999995,66.76,713
834f8533b2ecb6598dd004ff3de7203a,2056.35,1591.5699999999997,77.4,714
271c58a1d139c45eaf3316107c6d3a3b,1889.3500000000001,1585.9699999999998,83.94,715
67bf6941ba2f1fa1d02c375766bc3e53,2316,1583.28,68.36,716
820cc752a266cdc6c1a1e61dd4583330,1763.4,1577.43,89.45,717
8f54d64f28a993550aa7943f12572959,1845.4500000000005,1576.0199999999998,85.4,718
2745f798279e0ed033addcc1474776d7,1919.04,1574.4899999999998,82.05,719
e48b04bf1aa1ef711caebeb7aede6180,1979.4000000000005,1570.3,79.33,720
51702dc2a3e106c76dbff722b5bf0726,2025.5,1566.1,77.32,721
5eeb9c756d9780b96283e5a2ac6da334,1727,1564.9099999999999,90.61,722
d17f467e4bf608a510c20d82f4ba3b6b,1952.7200000000003,1563.62,80.07,723
b90e891671cffd9557f33a97dc523645,1778,1562.0499999999997,87.85,724
850857dfac77488c307e2b1cbd84ab5a,1599,1559.28,97.52,725
994f04b3718c2bab35c2adfa8afecd2a,2003.7000000000014,1558.3199999999997,77.77,726
f97e2b0650c2068227e1d366140eb62f,1989,1552.61,78.06,727
df56d7b40d437f88407c5f78b63bc328,1862.0800000000004,1545.8200000000002,83.02,728
5c6d4016c2a288f074fa0848a2b653d2,1802.9,1545.43,85.72,729
6bbcb8924baf70b7fe2fe2097e8cd407,1763.6000000000001,1543.25,87.51,730
974cf2cb8f4b7add98709c30df02fe10,1929.79,1542.35,79.92,731
f61c63d13f7cd800549d5acdd390ae72,1806.9,1540.19,85.24,732
fe26f3ecb51a15e6d8335cd92da42562,1658.99,1537.12,92.65,733
5f5b43b2bffa8656e4bc6efeb13cc649,1849.5000000000002,1534.45,82.97,734
4559697a8f7e637227c2eeaed843baff,2027.600000000001,1533.6399999999999,75.64,735
e6a69c4a27dfdd98ffe5aa757ad744bc,1853.73,1531.6000000000001,82.62,736
594f9aaa48e5bf431f011ddc5669b0d5,2018.1000000000008,1528.92,75.76,737
0d85bbda9889ce1f7e63778d24f346eb,2349.1000000000013,1524.9600000000003,64.92,738
9906e7aa42a3c067b7c9a564d01c4320,1937.8000000000002,1524.65,78.68,739
de0c78824586e9a5f5f04fd84e25df39,1665.9,1521.78,91.35,740
b2479f944e1b90cf8a5de1bbfde284d6,2822.099999999996,1517.3900000000003,53.77,741
38874e327ce94d11390b96eb42d61928,1679.97,1516.4099999999999,90.26,742
218f991754f360af9c2daa5e0b8e990c,1635.2200000000003,1512.29,92.48,743
1a932caad4f9d804097d7f8e615baed1,2083,1509.8000000000002,72.48,744
65febd49fd28ec955651299159b1f527,1854.8700000000001,1500.9299999999996,80.92,745
c9aafcd0621b2207c10e32c649cada4d,2133.61,1491.18,69.89,746
d20b021d3efdf267a402c402a48ea64b,2475.539999999999,1486.2700000000004,60.04,747
715bbd5ba4e6b74cb0d2f29eb45058b0,2193.0000000000005,1486.26,67.77,748
960945e1a9535cbc0cd6ddd35fbe7ae8,1734.78,1483.57,85.52,749
8f119a0aee85c0c8fc534629734e94fd,2082.2600000000007,1481.1799999999994,71.13,750
66dc1b1632bd6a3e508510c5b3492107,1846.7900000000002,1480.91,80.19,751
5bf397d04035b5f45cc41e82ec106803,1525,1477.7199999999998,96.9,752
acadd4d36859671cb635527c6c977533,1662,1473.34,88.65,753
5cbbd5a299cab112b7bf23862255e43e,1864.59,1472.8400000000001,78.99,754
cfe94489ddd337d1e29e12f2a7205d10,1683,1471.2600000000007,87.42,755
e7d5b006eb624f13074497221eb37807,1882.8600000000006,1466.2500000000002,77.87,756
41ab63a91b8b264e8c8780368bf1dd5b,1618.79,1465.8000000000002,90.55,757
81f89e42267213cb94da7ddc301651da,1822,1462.4299999999996,80.27,758
a938325a4b357fd23a6a4d5bb126408e,1693,1459.2900000000002,86.2,759
d32e3909cfb714fb2a6cb092c85b9c5f,1650.3000000000002,1457.06,88.29,760
c64a2aec32cc408a8a4c6d7c46017f91,1674.5,1454.95,86.89,761
4978a02ea9c8be7a9b5480680f40334e,1658.68,1449.96,87.42,762
cd06602b43d8800bd0afad514919d35c,1957.07,1449.36,74.06,763
d57e18d5f73c7ccb7f7339b61166898d,1934.3000000000013,1446.8199999999997,74.8,764
f44b6f775a2b390380e0e30b5c9d3eee,1584,1441.44,91,765
afa6714acee029b2dfdf357e5579cc03,1667.92,1439.5500000000002,86.31,766
b1fecf4da1fa2689bccffa0121953643,1610.47,1432.27,88.93,767
ea65d8b58316a6f2362f2a9e4b3e86ad,1499.6,1429.1699999999998,95.3,768
134285d1f41da5c13a756ee8142c8a4e,1496.6999999999998,1424.07,95.15,769
2e13c71026e1a39ba5cc1b86dcb679aa,1635,1421.3899999999999,86.94,770
1690cada046eb7e92c12f98b1f8a8167,1641,1420.27,86.55,771
3c7c4a49ec3c6550809089c6a2ca9370,2565.93,1419.680000000001,55.33,772
2ff97219cb8622eaf3cd89b7d9c09824,2195.700000000002,1418.0700000000002,64.58,773
8d79c8a04e42d722a75097ce5cbcf2ef,1915.0800000000004,1417.8500000000001,74.04,774
99002261c568a84cce14d43fcffb43ea,2045,1409.5900000000001,68.93,775
165b1235e9e9942cb5fae67103576fb0,1688.2500000000002,1406.0199999999998,83.28,776
6bb0724edf0b62fb91ac404873a97241,1785,1397.09,78.27,777
c731d18cea9bf687ffee82a241c25b11,1719,1394.99,81.15,778
081acf3de680d554796c9cf041be7bc2,1597.3000000000002,1391.8000000000002,87.13,779
ae7ab174effdead6c241e547e4ca13f0,1979.6999999999998,1389.09,70.17,780
2d50d6282f8aa2257819a77bfaa0efe0,1833.7900000000002,1385.6699999999998,75.56,781
f3da5b2ff499efb8d4a6d371d175d7dd,2038.5500000000006,1384.0399999999997,67.89,782
bb5bd94c8f59cc050072d2930c869cac,1524.2800000000002,1383.15,90.74,783
6a0cbc8af2e8abd1bdfb777943d174c6,1762.9499999999998,1381.8200000000002,78.38,784
d12c926d74ceff0a90a21184466ce161,2099.1000000000013,1379.95,65.74,785
98dac6635aee4995d501a3972e047414,2701.850000000003,1373.299999999999,50.83,786
d6ab728cf30867cf3f1a2e216ae2f9b7,1497,1372.37,91.67,787
8603f0038fe0e52fedd3382d266723de,1697,1371.7799999999997,80.84,788
62c50c1af4dfdc4149d25c5222043d39,1528.8100000000002,1371.44,89.71,789
fe49ee029e61e789a1f3a5525f57ba8d,1514.4,1366.0700000000002,90.21,790
fa74b2f3287d296e9fbd2cc80f2d1cf1,1463.3000000000002,1366.0400000000002,93.35,791
323ce52b5b81df2cd804b017b7f09aa7,1605.3000000000006,1361.63,84.82,792
f4db9b37944bcb8873e6b456ee190bbf,1649.89,1354.7000000000003,82.11,793
6b90f847357d8981edd79a1eb1bf0acb,1611.3899999999999,1353.5800000000004,84,794
276677b5d08786d5dce7c2149dcce48b,1769.500000000001,1351.9900000000002,76.41,795
37515688008a7a40ac93e3b2e4ab203f,3364.400000000004,1351.5799999999992,40.17,796
6b3bd31ad8fcda4b2635ec9f3ff2ecdf,1696.2000000000003,1346.4400000000003,79.38,797
bb7a14e229b1c95156719c3d9552eeee,1480.7,1342.97,90.7,798
52d76513f0c4d97f3b99570e2c94ee31,1534.46,1341.1100000000001,87.4,799
1b8356dabde1d35e17cef975c3f82730,1848.66,1336.32,72.29,800
b4a476fbd28de64b1e347abf9089366a,1636.1999999999998,1335.5900000000001,81.63,801
fc906263ca5083d09dce42fe02247800,2356.0000000000027,1335.2799999999995,56.68,802
157c3e4b42f81ac4a44e8b1ca2fe9876,1734.5,1333.42,76.88,803
d379f449f2a3b271bc01c0782020f705,1775.4800000000002,1333.3500000000001,75.1,804
cb3dd9ce66268c7a3ca7241ac70ab58c,1806.0000000000002,1332.34,73.77,805
9c068d10aca38e85c50202e17b4a7e88,1519.6,1332.18,87.67,806
f0b47fbbc6dee9aafe415a6e33051b3f,2112.9600000000005,1331.6999999999998,63.03,807
04843805947f0fc584fc1969b6e50fe7,1400,1325.24,94.66,808
aae3bfea055532c57fb453ed3ec80b30,1739.9399999999996,1319.4599999999998,75.83,809
74bafed391319577bce6f4d2acc0589a,1498,1319.17,88.06,810
11bfa66332777660bd0640ee84d47006,2141.1,1310.5200000000004,61.21,811
458d868c9642f55f18f04e951a3fdde6,1359,1306.38,96.13,812
052577151711aec5c744fe12e66db3e1,1374,1304.17,94.92,813
e89c4adbe7b1d0819dbb636e16461cf1,1500.6999999999998,1301.8899999999999,86.75,814
13d058e4eeac2ce8217660b2f8a05812,1729.9,1300.24,75.16,815
cac876b37d3abcd6bd76caca30277996,1928.6800000000005,1299.9399999999996,67.4,816
8f580d36c1e9d6fbce95283403c7d447,1356.55,1291.7199999999998,95.22,817
dbdd0ec73a4817971d962698f2fea022,1995,1291.0400000000002,64.71,818
4305fe92735c8a43d154ff6dd2b8d927,1538.9000000000003,1289.96,83.82,819
989becdce12ebc39863c2bceab6f3ca1,1512,1289.48,85.28,820
54c04bdb5ec46762f8f08c7e8f86ed4a,1536.86,1280.5400000000002,83.32,821
0ac4201fda2c68ebc0e47cb9423cf3c9,1396.95,1276.9099999999999,91.41,822
2c4c47cb51acd5ea5db5e0ae0e26542a,1490.0700000000002,1276.3099999999997,85.65,823
fdaaf5bfda82b7b80535610c831b8d09,1429.2999999999997,1275.4699999999998,89.24,824
45a3d05fb00435e52a28859dd03703b3,1299,1274.21,98.09,825
b335c59ab742f751a85db9c411a86739,1609.82,1271.01,78.95,826
0885aaf116795758dfeb5f1032487bcd,1601.2000000000005,1266.51,79.1,827
d06d019f72a04e5497a0b64190af170c,1386.97,1266.3899999999999,91.31,828
55d3daac7c404d59e51c2aa2f4dc5a23,1731.7,1265.53,73.08,829
070d165398b553f3b4b851c216b8a358,1847.3700000000001,1262.0899999999997,68.32,830
15fa791d5e017f66402dc28c44480657,1383,1257.8200000000002,90.95,831
4da0e408c99d2fdc2126dc9fce518060,1710.4000000000003,1247.3400000000004,72.93,832
cac4c8e7b1ca6252d8f20b2fc1a2e4af,2059.57,1246.1599999999999,60.51,833
520b493b57809f446cb0a233bb3e25c7,1713.3000000000002,1244.03,72.61,834
f593898ec748b7a8cb81fc04edafd98a,1693.66,1243.4899999999998,73.42,835
7a2d2949aea47fab95fd98d6c9f618b1,1406,1243.13,88.42,836
53d00c40e32aeb924a84ce72b1af869d,1406.69,1233.84,87.71,837
e883aa812c37a7413226856f4579fe91,1468.6,1230.6100000000001,83.79,838
ed859002ad59dbf8cf3602696a6c3000,1407.1000000000001,1228.2899999999997,87.29,839
8b9d6eec4a7eb7d0f9d579ce0b38324d,2233.6899999999996,1222.5099999999998,54.73,840
a4bd6e9adf39b63f43dc545d3ca1f53d,1298.7,1222.18,94.11,841
c4af86330efa7a2620772227d2d670c9,1299,1221.55,94.04,842
56642bcb79900e777d68e91915cb4267,1604.92,1218.6000000000004,75.93,843
1b7e5006cb25dd23ce8686691013b121,1292.8600000000001,1217.89,94.2,844
730937bf88cb151eb2eb849f642fc213,1489.8999999999999,1217.26,81.7,845
120476eb7a04c149d14772edaf5d9bf2,1280,1216.56,95.04,846
4c18691b6037662be2df78a765d98ab5,1871.8700000000001,1215.9300000000005,64.96,847
edc518ba25576a0188a0e8f2c3af186f,1414.16,1211,85.63,848
cb5df0dcb9e280b1780e9d589889f2c7,1633.9,1210.25,74.07,849
3c010235b7345c92f125d14ee232a76b,1338,1209.04,90.36,850
c3ee2331a724e6fc02c4b698b57a73f3,1347,1206.12,89.54,851
8bb48dc19fccaa8613b6229bf7f452a2,2267.079999999999,1205.98,53.2,852
fec6275253471ace26d209bbaa64cd0f,1420,1203.17,84.73,853
5b51032eddd242adc84c38acab88f23d,1327,1200.25,90.45,854
3361277dc30b7cccdb0c286b24219756,1442.49,1200.25,83.21,854
0509040ea3fe50071181bbc359eb7738,1962.9499999999996,1193.5700000000004,60.8,856
430315b7bb4b6e4b3c978f9dfa9b0558,1449.9,1193.48,82.31,857
1eade46fba20122dc4aefb379f8c636b,1705.0000000000005,1191.6300000000003,69.89,858
4e5725ba188db8252977a4f0227bd462,1453.68,1190.7400000000002,81.91,859
643214e62b870443ccbe55ab29a4dccf,1758.43,1188.3300000000004,67.58,860
537eb890efff034a88679788b647c564,2601.900000000005,1184.3499999999997,45.52,861
0ebd97a106433a45a4aebe57c1799778,1518.3000000000002,1182.64,77.89,862
6860153b69cc696d5dcfe1cdaaafcf62,1903.5800000000004,1180.3999999999999,62.01,863
e2c92f9c1c7746d899d18f2e158bbff7,1511.8,1173.7300000000002,77.64,864
b1ac6ea7895bc3dd6f0f6f4abbdd2821,1599,1168.39,73.07,865
6481e96574816ead57975da2c0f6d80d,1593.6,1167.3200000000006,73.25,866
6989574bd97d9773f10d232b6c07da59,1349.6,1163.07,86.18,867
866558b3bccef2dbc6d29a2b5995016f,1309.7,1162.21,88.74,868
1710c3aaa9c6b44ec3883ee0fe300e21,1188.9,1151.25,96.83,869
a2b5b6105ea5942300631d2e76f4ffe0,1501.3,1151.07,76.67,870
a6fe7de3d16f6149ffe280349a8535a0,1517.3000000000004,1149.1300000000003,75.74,871
a08692680c77d30a0b4280da5df01c5a,1248,1148.86,92.06,872
a414555ce331b8c8aea4a9cb8395194d,1350.97,1145.19,84.77,873
26e2c91ef821e1ff8985f408788fe35b,1350.1000000000001,1144.89,84.8,874
888faa8bfb0b159c37de6d898b961c31,1461.7400000000002,1141.99,78.13,875
e49c26c3edfa46d227d5121a6b6e4d37,1770.7600000000002,1141.93,64.49,876
cea729054f157f5870bdd321a958d994,1313.1000000000004,1138.79,86.73,877
e24d3429d294b2eb200b064ebb035879,1419.63,1138.4799999999998,80.2,878
6aa3928696eab49a19a466e665a649fd,1292,1125.2399999999998,87.09,879
23a0ffca143a15b9b5bbdb7d552f626a,1387.43,1125.0800000000002,81.09,880
5795aebfe331fbcd02a2c4b679fb7952,1280,1123.9099999999999,87.81,881
8ca1551acf9832a4cf467bbbac15851f,1241,1118.76,90.15,882
870d0118f7a9d85960f29ad89d5d989a,1827.5500000000009,1115.7700000000002,61.05,883
5a93f3ab0ef4c84ed5e1b5dbf23978bc,1444.5,1115.08,77.19,884
1354d51653f645349064725ed204e85e,1260,1113.4,88.37,885
4b0fdb526525f9890eb145bf1534640e,1378.0000000000002,1111.5500000000002,80.66,886
f5f1f2c5f923f36ad79ea1d07185ddc9,1252.88,1111.32,88.7,887
3ca08eeb8d5595949fed424bd3677742,1444.0800000000002,1111.11,76.94,888
82bd0703a4aefd6b599e5bfdaed378fb,1349.79,1104.9199999999998,81.86,889
891071be6ba827b591264c90c2ae8a63,1760.6400000000003,1101.71,62.57,890
f41ce2e25237f9092cd8e6e7516c7a2f,1318,1100.5500000000002,83.5,891
1ce3ae5a399804d1a87e706f8a813c3e,1532.1000000000001,1086.91,70.94,892
49e7217cfe4e427191c378ec626d8737,1190.5,1085.48,91.18,893
daeb5653dd96c1b11860f72209795012,1456.6,1084.0299999999997,74.42,894
47efca563408aae19bb7206c2d969ea9,1312,1083.33,82.57,895
3bdff180c7e1f6551a643b99c265a120,1638.7000000000007,1079.3499999999997,65.87,896
6a38087bc8ad4f89ff453561005f6dea,1528.7400000000005,1079.25,70.6,897
b494891378bd8f4560abe576c52deacd,1220,1077.35,88.31,898
382229d1e840115ffe3dbf5ff460e417,1466.0500000000006,1075.9899999999998,73.39,899
e99e927c81e3f51739c94fcdfca9f10f,1454.8799999999999,1074.06,73.82,900
23613d49c3ac2bd302259e55c06c050c,2165.4000000000015,1071.7199999999998,49.49,901
c3e1abd72a42fe690fcd89cf5720fe29,1170.76,1071.69,91.54,902
8b2492b7ff4468839593fafeed55bad9,1415.6100000000001,1071.0700000000004,75.66,903
47648caee88ccfe951fbb27fbf7b4cbe,1114.99,1067.72,95.76,904
5d76d80a2f5f39c891b996a1bf4c9853,1238.5,1067.25,86.17,905
734def04b237117a09321dd6d8f3f2a2,1085.99,1067.05,98.26,906
6bef34c5be6f2bbd70aa5165f6df94b1,1198,1065.12,88.91,907
1284de4ae8aa26997e748c851557cf0e,1129.98,1062.99,94.07,908
8ab42aa58097fd4668d60cc648225d5f,1343.7500000000002,1057,78.66,909
2528744c5ef5d955adc318720a94d2e7,1098,1055.7800000000002,96.15,910
8f78f0903005064036736c7173a5c2ed,1550.3000000000004,1054.2899999999997,68.01,911
0ad80de75c811326389cfb1daba7d45e,1139.6,1054.15,92.5,912
238fac594e170b59c6d228f5a4f4f1d9,1978,1053.3999999999999,53.26,913
7586919161935337bf6b6d7ff5779648,1211.8,1048.51,86.53,914
723cd880edaacdb998898b67c8f9da30,1254.95,1047.66,83.48,915
44f091b5abab8018f682fce8124b85e5,1095.8,1045.95,95.45,916
cbf09e831b0c11f6f23ffb51004db972,1243.6000000000004,1044.3700000000001,83.98,917
17908cf9b444ee34047cadd5c0f4a516,1403.99,1044.3200000000002,74.38,918
a17f621c590ea0fab3d5d883e1630ec6,1728.5399999999997,1043.45,60.37,919
406822777a0b9eb5c50e442dd4cd3ec5,1557.1800000000003,1040.68,66.83,920
406740ee611378a662d274c7d8c43c4a,1150,1040.1,90.44,921
977f9f63dd360c2a32ece2f93ad6d306,1537.5600000000002,1040.0299999999997,67.64,922
f5f2ab9bdb6b30c14c61be68c5ed37da,1236.09,1038.76,84.04,923
7f7b8245c336066a1f9933c359f11d77,1424.4100000000003,1037.6400000000003,72.85,924
14a08204d03bb6b6bde8029f801ae0eb,1268.9,1032.9199999999998,81.4,925
f235413f677777a0738ff215d0184901,1100.71,1032.54,93.81,926
abbf6046bbdf1028606a5bc7f00c99e7,1142.35,1032.35,90.37,927
fac1a9017ade7bdc94058fc1c969f355,1156.6399999999999,1031.48,89.18,928
9bcdfa7b615b3abb9461d9e3ad9886ae,1200.22,1030.76,85.88,929
d3f39f05462b79a4562d35893a28f159,1342.7,1027.7200000000003,76.54,930
9646c3513289980f17226a2fc4720dbd,1568.1000000000004,1027.69,65.54,931
3a490ba60afa30ece0e7d50cfe74a4f0,1149.4,1025.2600000000002,89.2,932
0c7533c71df861ec58ad7ff999ed0e8d,1498.0000000000007,1023.7199999999997,68.34,933
ffdd9f82b9a447f6f8d4b91554cc7dd3,1550.6000000000001,1023.13,65.98,934
08cdbae123ff67ca4e36d9d641ce0119,1258.99,1022.91,81.25,935
432c37c9dfba871172ec162e20118b8c,1414.98,1020.7599999999999,72.14,936
3e8bd881d92466e63ba9e3e809cd3c50,1147.59,1018.53,88.75,937
10ff823eda2b032e2c93d17a7d294736,1140.17,1017.67,89.26,938
33576ec5412fb5905d876f12f33bfde6,1295,1015.57,78.42,939
d93919c944be9cff128f6c9cb899eacb,1568.1000000000006,1015.25,64.74,940
a369d693961cb93b61ca2cc518872a85,1339,1010.54,75.47,941
278b6e0b20c4f61fefaa0577943d7a35,1078,1003.38,93.08,942
f7ccf836d21b2fb1de37564105216cc1,1649.1000000000001,1003.2999999999996,60.84,943
7daca0837f033a41a6f3428c18657533,1144.78,1002.2,87.55,944
48328ec9a579151d9cc6a86d4a59336c,1099,1001.22,91.1,945
2be17df1c49978426251562096c3cc09,1137.5,1000.4000000000001,87.95,946
4c8b8048e33af2bf94f2eb547746a916,1272.4100000000003,994.3899999999998,78.15,947
725af026f869236a8dd0ceb98564d156,1177.71,992.7500000000001,84.29,948
71592660bbcb6a4664e97b6f8b68babc,1086.26,991.38,91.27,949
128639473a139ac0f3e5f5ade55873a5,6429.299999999971,989.1499999999983,15.39,950
5ab05b6d86d417796c69ffd6774ec832,1136.6,987.4100000000001,86.87,951
8bd0f31cf0a614c658f6763bd02dea69,1375.89,985.3100000000001,71.61,952
01ed254b9ff8407dfb9d99ba1e17d923,1027,985.3,95.94,953
77e4abfd739aed9c46480f90f81c0eb4,1098.99,982.5000000000001,89.4,954
4fb41dff7c50136976d1a5cf004a42e2,1030,981.0699999999999,95.25,955
5b97c06a046398e7005b2b7c0d707a92,1139.97,980.49,86.01,956
c2d70ce2c5d0a2eb75e78668236e6dc8,1085.9,978.37,90.1,957
ca4b77513ac2040591b0d8fae6958380,1100,977.9799999999999,88.91,958
827f8f69dfa529c561901c4f2e0f332f,1818.2900000000016,974.8799999999998,53.62,959
9dda5bbacd45e18d6485fee649205d09,1331.7,971.99,72.99,960
2dcf93836ae3ce0d7c93e2f10876467a,1064.3,971.7900000000001,91.31,961
78a4d36f65a019172c6154468831a69f,1125.7,958.5699999999999,85.15,962
4dbd95a08b31ede5c82d3f861cb1ce1a,1073.79,956.1000000000001,89.04,963
0725b8c0f3f906e58f70cbe76b7c748c,1339.6299999999997,954.4800000000002,71.25,964
0887a9f087bcd5d9f6642b52f897fc6c,1077,953.8100000000002,88.56,965
d25aa0aaacb370e912f8cf6efeba38b3,1233.5100000000002,952.6199999999999,77.23,966
d354c38a7182125a748cb10474fe963b,1154.8700000000001,951.51,82.39,967
d5b9a084373da994a6e37f732169a853,1069,949.3800000000001,88.81,968
3b872fd4747f01cc56206f2934198618,1589.21,948.96,59.71,969
3a1a1fec38dd360f15fc912e821e169d,1182.8600000000001,947.8000000000001,80.13,970
5160d23075764e18e07c1f4a87fad743,1210,946.9699999999999,78.26,971
15aac934c58d886785ac1b17953ea898,1271,945.4999999999999,74.39,972
c5f7feb04a6a1fb3596322bfc3cf1917,1099.8,940.48,85.51,973
f214d28e8d8e3ef068748498ccc2f813,1460.6100000000001,937.6800000000002,64.2,974
77a515caa36327151d1cc6c32a9f00e1,1146.8899999999999,936.5000000000001,81.66,975
77fccaae319668a8ab6cd0fd16aec48c,1090,934.55,85.74,976
a99504ac23ed125aaf5302af6cc30af9,978,930.76,95.17,977
7994081388d55b9cf976c050653dd359,1020,930.35,91.21,978
3d4b1ae7539303b5704493798893e82c,1076,930.31,86.46,979
c6381d2d013342748761e906d45aff76,1336.98,929.0699999999998,69.49,980
95ec4458365c4d11f452ccf538377619,1104.7399999999998,927.01,83.91,981
528bcf6680c36dddf07620bd35b33a6f,969.98,926.1200000000001,95.48,982
8a43128d7f9a3db592b866e6861a6cce,990.5999999999999,922.71,93.15,983
a0415d9b25ede3c4b1e477e9916ffc03,969.6999999999999,922.63,95.15,984
439a47cc365d6e3bd526812ea9de3c29,1118.5,922.2700000000002,82.46,985
850913d59ce317156b00f3705f1c3edb,1254,920.67,73.42,986
b74d1c09cb380e1d03a6f859c6f4224b,1435.7700000000002,917.0600000000002,63.87,987
8a87611c08849ffeeccab52aa798b6c7,1215.85,915.52,75.3,988
373ee4a3a775a733770ca3f790b8b9ac,1080.4499999999998,914.4799999999998,84.64,989
d4ffeb15b67e81ff9af2b4252d99fb7e,1187.5,913.89,76.96,990
20d83f3ef0e6925fd74bfd59170babf7,1196.7,912.9299999999997,76.29,991
e256a62e0ac58c0edfba09966142d561,1183.1100000000001,910.94,77,992
b0f2a6122a90a93eb03e68653dd960e3,1002.4999999999999,906.52,90.43,993
713e3a23ca5e47786eb6f0d99f94cfac,977,905.89,92.72,994
fa3a0b5aabb344b9a92e3524b0202123,994,902.52,90.8,995
36890be00bbfc1cdb9a4a38a6af05a69,1056.0000000000002,900.9699999999999,85.32,996
4992e76a42cb3aad7a7047e0d3d7e729,1575.2000000000007,899.8900000000001,57.13,997
67225bff54a172ff67579aaf583efd78,1000,899.18,89.92,998
50c9975695009e5e6473912e83a6d1da,2691.9,898.6,33.38,999
655220df33262c7e0c4949a147366f94,1291,893.7199999999999,69.23,1000
55bb6fe5bebe5012e2d7d9928e1128ff,1191.6799999999998,892.6700000000001,74.91,1001
32e5635e63cb374eb63afdd242fb6134,910,892.18,98.04,1002
52f0fe436a347ddad7ed5f9aa4e27eaa,1126.79,891.44,79.11,1003
714b9a1332840f257b49f476bea4e341,999.96,890.6100000000001,89.06,1004
69b5eaa096c3f9d1e5c398c597f567d6,938,888.98,94.77,1005
1c40343cc5d18c2d8248ac2f3366de34,1048.97,886.56,84.52,1006
1b8b75e227c9a9c100d0c210fb6176ce,1029.92,886.11,86.04,1007
cf2384dd2f1dddea3f838efed0945e65,1141.1,885.98,77.64,1008
272f092de69afedd4d2969440b37f18f,1190.14,884.3700000000001,74.31,1009
dc8798cbf453b7e0f98745e396cc5616,1343.1000000000006,881.9899999999997,65.67,1010
b6e1504972665f739dec4facb9943775,1038.28,879.2800000000001,84.69,1011
d97df38225e5abadaff1e72cb72b823c,1263,875.66,69.33,1012
ccf8813e5a7d6c84d865cd38bfc2b130,1041.8,875.4100000000001,84.03,1013
0015a82c2db000af6aaaf3ae2ecb0532,895,873.98,97.65,1014
3504c0cb71d7fa48d967e0e4c94d59d9,1274.58,872.3399999999998,68.44,1015
0eaa7e33d73809f1f925f7d07c506cbd,985,872.26,88.55,1016
e1c76f339ebd5460999f25a2aa8c92c5,899.9,871.1,96.8,1017
9a84ba99f5367fdbd4598363496f1ea2,1079.3899999999999,869.26,80.53,1018
dfc475d54e1b6dbeeb7d7d9bdaa63827,1095.1999999999998,868.5200000000002,79.3,1019
ffeee66ac5d5a62fe688b9d26f83f534,1169.91,868.1500000000001,74.21,1020
e3d3b3efac954a60d61be70b7e05b49b,966,866.25,89.67,1021
f1b854361f4e15d5851b494df66f22b2,1168.8,862.36,73.78,1022
700f03c207639c22d933381ff60b35c2,979.87,862.1399999999999,87.99,1023
b83cedfb587e7911540e3f576d6917ce,1056.7399999999998,861.83,81.56,1024
3cfa1358a6caa965278721344c8d76f2,888.98,859.52,96.69,1025
bc2ac6b95e1accce9858528ee566c17e,962,855.95,88.98,1026
656591be56071d4c9ef4e5fee78a578a,1085,849.3299999999999,78.28,1027
4eb61f060e7dcc1d5a80d806c35cc541,973,846.8599999999999,87.04,1028
1961c3e1272bfeceb05d0b78b5bbfdaf,896,846.57,94.48,1029
b8114f2f589a6804810f04f99b36b498,1076.7799999999997,845.18,78.49,1030
400f221ab83037c0ea78f1267da9624d,865,844.2,97.6,1031
822166ed1e47908f7cfb49946d03c726,1834.4600000000014,842.9099999999999,45.95,1032
747e73c01a4593d4cf60dcf970fd2689,899,842.21,93.68,1033
4bf658053d453036c70976bccb2c31b2,899.99,840.02,93.34,1034
3fd1e727ba94cfe122d165e176ce7967,1104.3,839.0400000000001,75.98,1035
5c030029b5916fed0986310385ec9009,1167,835.1600000000001,71.56,1036
3d2531eccfbde1d7c8db7a3a12fb267a,899.78,831.3999999999999,92.4,1037
dd533b429f380718b70ad9922c294bae,1481.790000000001,830.9399999999995,56.08,1038
2a1348e9addc1af5aaa619b1a3679d6b,1161.2999999999997,829.0199999999999,71.39,1039
d673a59aac7a70d8b01e6902bf090a11,1600.7000000000005,828.3899999999999,51.75,1040
8b87cd0d43d49b9bdf40f56229364d59,1073.9,828.26,77.13,1041
c679fb69a36e1d8349e8c50a217b4d58,1069.7900000000002,826.31,77.24,1042
95f83f51203c626648c875dd41874c7f,1602.6300000000006,824.53,51.45,1043
2a61c271b1ac763450d846849783e922,1233.83,824.4099999999999,66.82,1044
cd843d4cf8ef32827de0396605163ba3,1137,824.0999999999999,72.48,1045
7f40d06aa0b5f1aa4f41af8c0480e2ef,924.96,823.03,88.98,1046
8bdd8e3fd58bafa48af76b2c5fd71974,877.97,819.9100000000001,93.39,1047
4f1f1c8666cdb6442f775c4e8caed465,944.98,819.5699999999999,86.73,1048
bf84056e679dbe9c69929847a40e338f,1037.1200000000001,813.1,78.4,1049
0307f7565ff85b299b6e5ef162b1b1a9,865.9,812.5999999999999,93.84,1050
bede56095ba33c42038fb85f707b8a42,849.9,812.43,95.59,1051
3a734b715d333a2588a3d54a0c9b8746,1042.52,810.8599999999999,77.78,1052
c5f7e746b7e6d07def6c0dae9903279b,963,810.5700000000002,84.17,1053
8a2d12a90e92f012ce5226fc6592b653,1031.9499999999998,808.3100000000001,78.33,1054
65b081a070633e057c462abdd6fb9dd8,981.55,807.3299999999999,82.25,1055
be9a160a9011f627c3e121d076c1ec7b,928,806.49,86.91,1056
bafc5aa11e413978be29040f51342e70,879.77,805.51,91.56,1057
817f85dbb65aa3e70831d90fe75cdf89,925.68,805.2700000000002,86.99,1058
901b460cdce0c64e471230d7f2f9f3a3,847,802.4300000000001,94.74,1059
4342d4b2ba6b161468c63a7e7cfce593,909.3,802.0600000000001,88.21,1060
8e2b3afb420011ef0c88c9d5f11ea526,899.3,801.56,89.13,1061
cce6ab8d1682639fe45ab70234f1665f,1478.4000000000003,800.9699999999997,54.18,1062
92eb0f42c21942b6552362b9b114707d,3438.3299999999954,797.97,23.21,1063
efcd8d2104f1a05d028af7bad20d974b,1299.8700000000001,795.63,61.21,1064
1b65c144b17e607c0f37f10bb7dfec8d,919.6,794.26,86.37,1065
b2eecf5ea250510da76590ca79d60e5d,910,792.62,87.1,1066
02dcd3e8e25bee036e32512bcf175493,1008,792.16,78.59,1067
392e0502231ae2f8b29994ef6398cd77,960.3999999999999,789.3,82.18,1068
8fe8786ee000001ab51d030dfd4a7bf1,888,787.77,88.71,1069
c8e135e7b21ecbc36c1153a29d2f5a06,861.7,786.9,91.32,1070
3fac58ce0ad699020c7944d53c41329c,905.4799999999999,786.69,86.88,1071
f5f46307a4d15880ca14fab4ad9dfc9b,932.95,786.51,84.3,1072
3785b653b1b82de85ab47dd139938091,1152.6000000000001,786.2199999999999,68.21,1073
dd4d95ba2d15c071e6c695e2ef6ce169,874,784.1700000000001,89.72,1074
53b0300ca793f9834cd69c0678d35ee8,807.3000000000001,775.2,96.02,1075
15cd6eefe58588619aaed41dfa6621b1,1132.64,773.9599999999999,68.33,1076
9d7a1d34a5052409006425275ba1c2b4,1000.1400000000001,773.21,77.31,1077
5f1dc28029d2c244352a68107ec2b542,1306.1499999999999,771.84,59.09,1078
72bc2cce903c872fe376a8faaa81d237,896.4999999999999,769.9000000000001,85.88,1079
93b9a99027bd8bd6af682aff18dd19bf,1130,768.64,68.02,1080
1838dd9b8977065acf51d95e0053ea7a,1481.1000000000008,768.2299999999999,51.87,1081
5b85809efd0d0e4dea1a9544e1280ed9,954.3,766.5500000000001,80.33,1082
c500367424994318b9e779ff1ae9a330,828.6999999999999,760.62,91.78,1083
f1b93673502375d491780bb49d615dbc,842.3299999999999,759.34,90.15,1084
c00396cbdd2e088fe4281baa5920aef1,832.4100000000001,758.9700000000001,91.18,1085
626ab1cd96932367f0eeec2e47046c12,800,758.46,94.81,1086
a3b42d266fa8afc874b909422ce88582,839.4,757.5600000000001,90.25,1087
b56906f7fd1696e043f1bcce164c487b,1297.8200000000002,757.1800000000001,58.34,1088
06bb3a2fe5e7b7a845b13e8fb91bd944,928.1899999999998,755.2699999999999,81.37,1089
1dd33b8119b3cb1056ed5dc88cd0aaf4,796,748.22,94,1090
2379bdc3888025689a9deb7b141507d5,831.6999999999999,747.93,89.93,1091
ede0c03645598cdfc63ca8237acbe73d,1172.2900000000002,747.7800000000001,63.79,1092
5debea795b07621e1f90532e18f96145,1048.03,747.71,71.34,1093
a1474fd46fd3430168f7ec202da39408,934.75,746.8399999999999,79.9,1094
a5a1bfcf728ab0e19182959cf0771ee4,906.66,746.81,82.37,1095
f9eedec3129e8cc6b6429c42d0808c5b,789.8,746.45,94.51,1096
db4350fd57ae30082dec7acbaacc17f9,1961.500000000001,745.67,38.02,1097
ffff564a4f9085cd26170f4732393726,935.45,744.7399999999999,79.61,1098
0aa124728afc1131dff5655f4c6f487b,850.92,743.0600000000001,87.32,1099
3a4127e1ba7208ea37044c5092aae170,761.9,741.54,97.33,1100
fe701d88b67eaca109dffd464d1be9f9,899.3,741.2800000000001,82.43,1101
5145090ab595c0d0b8557199f5701fbf,789.8,741.23,93.85,1102
5996cddab893a4652a15592fb58ab8db,810,739.25,91.27,1103
1bc2e21de46adfea6b98cc96b00f3b40,819.96,738.9800000000001,90.12,1104
8c3b533c63cca56240f94f1e3a6b18ef,1079.66,738.94,68.44,1105
4391ea5c5990502176a1dcda44a2373d,796,737.78,92.69,1106
6cf476a4ca74498db55cbccdaa9dcfb6,889.95,733.42,82.41,1107
61c36f0fc4a47f9532e5512b66668e62,750,732.31,97.64,1108
659e8466eb3ff1b0e8740d74fb7bbedd,1029.8,728.8399999999999,70.77,1109
9c4d31c7e46ab03a43fc06e3142afd4e,759.9,727.63,95.75,1110
3935fe5fe0f82787a9dcb8deb62be09d,917.83,726.7700000000001,79.18,1111
f125f3a310c2e5f822d116147de1e474,834.7,726.57,87.05,1112
81336a0f57a33776419727a300249e90,871.49,725.72,83.27,1113
4ba52dfeba874da5b9ee7b17c7494f04,842,725.22,86.13,1114
f4aba7c0bca51484c30ab7bdc34bcdd1,1477.5500000000009,725.2099999999998,49.08,1115
6524b847b982cd56bb5d4b02b776ee42,779.8,724.66,92.93,1116
c794dab4928dd97beb41d05514441e86,894.1,724.6099999999999,81.04,1117
edd066cd02126d7800f9b66e980e9931,877.9,715.8199999999999,81.54,1118
6b89abe95848c850399130d149a39b63,989.3,714.0500000000001,72.18,1119
921323538c9f1c4e816f2720eac02bea,875.0599999999998,704.8299999999999,80.55,1120
1660ad786c27fd935378b6192a90b417,830,704.72,84.91,1121
7357b52d27cbaa90f81a96cbc1279396,835.41,704.4300000000001,84.32,1122
7ecef8194babfec876ca720714327841,810.6999999999999,703.8800000000001,86.82,1123
ffa6adafb71b807dc13159e26431354c,871.9,700.3,80.32,1124
ffc470761de7d0232558ba5e786e57b7,911.2999999999998,699.3100000000001,76.74,1125
c8467937e403e76a8ee9f0ab13f6f5ef,1090.8999999999999,698.99,64.07,1126
83b08de96980757220871b31bf6cffca,1129.5900000000001,697.07,61.71,1127
e38db885400cd35c71dfd162f2c1dbcf,1038.3999999999999,696.8100000000002,67.1,1128
010543a62bd80aa422851e79a3bc7540,708,694.76,98.13,1129
244c2f1bff6afe1f2eaf9bfe9b2aed38,1399,692.56,49.5,1130
116ccb1a1604bc88e4d234a8c23f33de,1215.14,691.69,56.92,1131
a36b125ac6d5fdbc7f50de85c9157bdc,884.7700000000001,691.39,78.14,1132
e560e4022d8f7aebf155db95946c5c0f,780,689.79,88.43,1133
13074f016982ff2bd6c58ced8682f000,1282,684.26,53.37,1134
b55638ad525e906c698fa2ce742c1742,920.9,684.22,74.3,1135
b566ab0ef88016e00422755e305103c6,823,682.6400000000001,82.95,1136
de9727ca376d1be6ec121b110aa7954c,851.9999999999999,682.07,80.06,1137
b7d5b4b87af9d42b601865d3f3810bff,699,678.67,97.09,1138
8cbac7e12637ed9cffa18c7875207478,1606.77,678.1899999999998,42.21,1139
f9d010e39375d9c91dce3f40b73a2f84,777,677.6700000000001,87.22,1140
56db5c0782e8f7ddc9343f9576ff6d16,734.8,677.65,92.22,1141
7ff588a03c2aeae4fbd23f9ae64b760d,789.1800000000001,677.2599999999999,85.82,1142
8a1ff5c35f6595a73fef4c7b96e4908a,799,672.62,84.18,1143
70f84699be677ec988d1fa824aef7d90,728.6,671.46,92.16,1144
b33aaadd1a8891d2dfef0c4c3bdf0371,871,671.3899999999999,77.08,1145
fb89df7f89fd1b8f03fa2acca1ba7364,835.5,670.1999999999999,80.22,1146
091065b789659bc3cd9af9cb3a6253ff,690,669.77,97.07,1147
10089e9f2fd0c668a8fd4e52e1698888,709.9,667.67,94.05,1148
0ffa40d54288e4f3499b8780dd0f144f,903.8,667.1899999999999,73.82,1149
79a679c36c08d606b3fd47ead9de109b,765,664.12,86.81,1150
b1aaae6b66ad3c40f54b389d7ea4bee0,1011.5,662.5600000000001,65.5,1151
5151aea44289d6c6b090ee31c2132508,751.6,662.01,88.08,1152
78c99c6dff4eeae5be99bf635ed21e3f,984.4999999999998,659.27,66.96,1153
e439f7176d763f92de325271111b2fd5,813,658.6899999999999,81.02,1154
119d1aef1b4144adba89163f6cd9f5d4,795,657.9,82.75,1155
8a9260f2b0340411d6d2a56bcf4f7378,744,657.79,88.41,1156
b2a6d334e2833acea353624840e25a0e,877.88,657.34,74.88,1157
2646baaf662d4d92ac48f047e35db92d,864.25,657.1299999999999,76.03,1158
134b867a0f7f8bbe6abf10f91874891e,789.89,656.94,83.17,1159
bc07d855eac23aab5ac8a120f21d16b2,792.5,656.48,82.84,1160
42ef3192a9ff87a22d1867b74b3ee205,840.4,654.1700000000001,77.84,1161
81783131d2a97c8d44d406a4be81b5d9,742.1199999999999,653.8899999999999,88.11,1162
55dedd83e501d8248880557d9073cbfd,724.5,653.65,90.22,1163
8daab2245ebdc277c51098d01c5ad8ef,764.6999999999999,653.41,85.45,1164
5b581417df4480f632484ba681e53944,834.9,652.3100000000001,78.13,1165
e9511df20ccd82658a30c37b7fb343af,989.4,651.84,65.88,1166
6eb94e1466490d327a09abf8f3552a50,765.98,649.72,84.82,1167
39d54ff918774174706fb065d7f9dc07,824.2,646.25,78.41,1168
7d76b645482be4a332374e8223836592,1950.620000000003,645.6199999999997,33.1,1169
49cdc90518a4f82676b38b3c1aa43ff6,679.8,645.1099999999999,94.9,1170
01bcc9d254a0143f0ce9791b960b2a47,802.3299999999999,644.8399999999999,80.37,1171
bf100ecb7997df312b285358fb32f92c,793.0999999999999,644.1700000000001,81.22,1172
c013e57c075a06e5b5c48ee03c525719,1038.77,644.0999999999998,62.01,1173
91f0eec23d4a61d7d7caeefa3f0ad1ca,796.9,644.02,80.82,1174
1b1ae47a313a825a7ccceb8e2e30fa9d,709.6,643.31,90.66,1175
e7f3bf1ecd8526eb7f3b18059e6716e5,799.0899999999999,643.0100000000002,80.47,1176
f08c008c8a8d31417763738a1788a2a8,972.2999999999997,642.05,66.03,1177
8ea394aed8138685abe1eb9f25e1021d,670,641.55,95.75,1178
985c92cc412091f8529c12d7f23d3fef,759.05,640.57,84.39,1179
e73bf2cea7fe4b0b4d287a7568ed1099,737.6999999999999,637.5699999999999,86.43,1180
df91910b6a03bb2e3358fa6a35e32f6f,759.8,636.8999999999999,83.82,1181
1782ce2db72c3dda627d5e7c898104e1,709,632.8399999999999,89.26,1182
dace965ca58120f92f8d742a9fa1864b,706,632.4300000000001,89.58,1183
2b03ac196f5ed62ac483960fe0fa3b65,713.1,630.73,88.45,1184
25be943a321c8938947bdaabca979a90,769,630.4499999999998,81.98,1185
83645b1645cdee8953ee54c29ceed564,858.9999999999999,630.1600000000001,73.36,1186
88cf19ec1fc2c58f161aee259d57142c,795,627.43,78.92,1187
b45d7ebfb7378630f1bcd74b6ff86ff7,707.5999999999999,627.0999999999999,88.62,1188
fd386aa7bed2af3c7035c65506c9b4a3,1239.5800000000002,625.2599999999999,50.44,1189
41b86b552e54e3a7009596125aa8b167,732.2,621.8199999999999,84.92,1190
d101c6da914ae3d53f7bee42283f2fe2,753.1999999999999,621.73,82.55,1191
010da0602d7774602cd1b3f5fb7b709e,849.5,619.25,72.9,1192
7fc87cc3e89b3d1d5cabdca32f8485aa,883.4999999999999,618.62,70.02,1193
30c7f28fd3a5897b2c82d152bb760c17,668.5699999999999,615.76,92.1,1194
a23266650e7c84bb93fbbba502137478,724.4,615.6300000000001,84.98,1195
a0d7fbb07bb5ebc3b05980e750db56f3,848.99,612.8,72.18,1196
2f09f7d37a97956d11cc1a7cadd5262b,785,609.8100000000001,77.68,1197
fb3cfbc8a86f5d7fbb4d36b8df63f60d,759.0999999999999,609.4499999999999,80.29,1198
6df688df543f90e9b38f4319e75a9d88,1108.3500000000001,609.3600000000001,54.98,1199
eba88037e1dca898cd02881f67ced679,692.5999999999999,608.96,87.92,1200
340636a908b13bbe0f4fb63fbe1d0c03,712.3,607.94,85.35,1201
d4910f1cdcfdabd48d6b316e395d4a23,762.2399999999999,607.08,79.64,1202
5ee7fd217d08dfe5d3e2f51f96a12c9a,786.5,606.15,77.07,1203
8378eb36b6b70c5734e83ad7b8cdc3b7,710.8,604.9100000000001,85.1,1204
845e8036c3f7bf62099352f5ed910240,902.3999999999997,604.7500000000001,67.02,1205
ec933281fb017b5020d06df29c3f77e8,716,603.55,84.29,1206
7b8e8ec35bad4b0ef7e3963650b0a87b,804.68,602.6399999999999,74.89,1207
30a81d8cf85fb2ada1b1b094c9583a95,689.75,601.8800000000001,87.26,1208
a478c7961d6a992065b24e63b366f90b,692.9,601.29,86.78,1209
b586cd24c010a13916af621b0325fbba,818.96,601.04,73.39,1210
b26741d31a563d769b4af0465ab20c56,648,600.97,92.74,1211
7ade73f1b9b4e965f9009a4c3a7e2c15,837.4999999999999,600.9000000000001,71.75,1212
2dd1fb6f0e42a2243b8a01e40cd41216,675.9,600.57,88.85,1213
013900e863eace745d3ec7614cab5b1a,811.4999999999999,600.3499999999999,73.98,1214
2ff6b7bff164ef05590a52734e1296da,689.8,599.9300000000001,86.97,1215
03a2a6dcbe45d639c4dc2a0d24769c40,719.57,598.97,83.24,1216
2ba91c7ad80ff88b23b7db823b43c233,680.5,598.87,88,1217
0791d9fc1e30678ecf03d3e55fa108d3,764,598.86,78.38,1218
863d2ebcd347ce4922de7a0f9a5581d6,784.3599999999999,597.56,76.18,1219
4ef4c39cf3c24f326434cf0b2e48046a,693,595.9300000000001,85.99,1220
97512d3fc193b2d1dfcdba0f9d1f0f8a,726.9300000000001,594.6400000000001,81.8,1221
3771c85bac139d2344864ede5d9341e3,796.1999999999998,594.0699999999999,74.61,1222
1d4587203296c8f4ad134dc286fa6db0,903.8999999999997,593.2900000000001,65.64,1223
9140bd1d9de28b197dce077bdd687438,642.89,592.3700000000001,92.14,1224
af3ef48d0e13835e529c29ac573c63e5,824.1600000000001,592.28,71.86,1225
8629c241b3622ac12cd4118afdc8d394,836.0999999999999,589.35,70.49,1226
7238a95bb63ef7e498389fb863b834a1,737.9,589.2,79.85,1227
a7c88262832dfc683781d6a421edefae,624,589.11,94.41,1228
1dfe5347016252a7884b694d4f10f5c4,825.6,588.96,71.34,1229
0ed6ce5d87fd9c69eaacaeb778d67235,930.1599999999999,588.8999999999999,63.31,1230
5b0cc932433fa5184b5b94bfe6bcc256,1033.9,588.2,56.89,1231
cac63f48c38cd7d002a7e846dcd99a23,704.1999999999999,587.6300000000001,83.45,1232
5d043cd5512d4bd2f88e5ccdd5736c38,650,585.09,90.01,1233
25e47381a6c510ddeb36084e33b89f0c,748.1999999999999,584.53,78.12,1234
596849622429351f47b32e6cae1055ff,659.5,582.51,88.33,1235
9535a841eecebed61a9fb1ac1cbb5597,598.9,580.9399999999999,97,1236
318f287a62ab7ac10b703ac37435a231,1118,580.6000000000001,51.93,1237
3f8034bfc6b8b4135534975d49f04c63,708,577.44,81.56,1238
226b05fe067266c59c15dae208213d06,687.3,574.36,83.57,1239
f63d8f293af3a6454377546bd9dd19ff,789.8900000000001,573.92,72.66,1240
a20d8058c866dbaeca014d2cd20ac62e,597,573.85,96.12,1241
3481aa57cd91f9f9d3fa1fa12d9a3bf7,996.2500000000001,572.13,57.43,1242
c0098efcf800861dcae589affca31408,681.68,571.35,83.81,1243
198c7ea11960a9844b544d9bcdca860c,708.9200000000001,568.3700000000001,80.17,1244
91543f9849d68d023e17194926598543,834,567.43,68.04,1245
83d7070a0b9a8b4625fa8682b819fabb,694.77,567.14,81.63,1246
4d232b78ab7ef10393dc3807d827bc0d,668,566.17,84.76,1247
2a6fbeaa7ab9e5d59a35841a8da71ce4,879.3999999999999,565.75,64.33,1248
365e445f796710c3431557e85caa25db,602,565.24,93.89,1249
a1544b9ea0b2390e020537d4daa89049,619.5,563.16,90.91,1250
70849ca4f400aaabb62cb7462a6f1428,735.71,562.56,76.46,1251
d3674f271c91f824f82d24d92011f669,759.1999999999999,561.97,74.02,1252
4091f77d8c768fc3e81c20761471761d,692,559.16,80.8,1253
f0e103c63864d5405b958d984b6e94c9,639.1,558.49,87.39,1254
c8c1bea22194a4eefa2dc9a9fa89f536,732,555.71,75.92,1255
1588ac4010787100dddef64568f0ae35,599.97,553.97,92.33,1256
8b655f0855926bcb49f5835d38dfddf6,589.7,553.49,93.86,1257
fcf16b7a8697e559f0123190bb30177d,1052.8,553.03,52.53,1258
51ed72984a04e5dd35c2b27e77179038,636.6,552.5600000000001,86.8,1259
f1ed6bd0a9b11b581f16c851c6a5a527,717.72,550.73,76.73,1260
167fd940acebc789debd6eb418c46e38,599.88,550.02,91.69,1261
8c5e007d7bd5693fa1386ffefbc99f6c,881.7599999999996,549.8,62.35,1262
5b33b527da3c5b969cc99dc435cad09a,710.5,548.9,77.26,1263
f7720c4fa8e3aba4546301ab80ea1f1b,1342.9500000000003,548.52,40.84,1264
d79e8478eed9999493990b44955fb22e,611.99,547.14,89.4,1265
76ea5315acb3f5f7ade3cd261faf922a,674.0699999999999,546.62,81.09,1266
f524ad65d7e0f1daab730ef2d2e86196,578,546.5,94.55,1267
2fb25ab44bdbeae6a4d816e0d0c9d500,614.08,545.14,88.77,1268
68f86ba270525243e68ae74044f992b9,683.6999999999999,544.1700000000001,79.59,1269
ad8ada0ffa993cb1197d102d9ab21a3e,599.8,543.4399999999999,90.6,1270
cf654707ed6a99f112c7ec3d6f314b8b,567,542.04,95.6,1271
dc64d75cc406bb0697be983831430e60,618,541.7,87.65,1272
820c7c9eaf76d2b226b6c242bcf3f34d,559,541,96.78,1273
6426d21aca402a131fc0a5d0960a3c90,816.3999999999999,539.9599999999999,66.14,1274
4cf490a58259286ada5ba8525ba9e84a,633.6,539.86,85.21,1275
ef9952469137ff190bacafe117f51537,588.54,537.37,91.31,1276
41c9d3997dd3c072c31139dc5bb5761f,599.8,537.3599999999999,89.59,1277
25cf099de44674fde97473224f9d59ab,823.64,536.1800000000002,65.1,1278
7fdb0720c8d7c9075538b365dc8c3a22,793,535.86,67.57,1279
a13580f0e8f782b7a543885a0ef99f08,660.95,535.3199999999999,80.99,1280
f9903dd0f812c7e771fcad47b6fff231,799.9300000000001,535.01,66.88,1281
21c62b998a043ebe31161d38f84929fc,598,535,89.46,1282
5011f0d93373a4c5753adf58ca77af8d,824.6600000000001,534.61,64.83,1283
e64d65bc8dbec2accda90c58de5d1246,649.5,532.32,81.96,1284
ef30892870c278497523264be1be2241,597.2,531.6800000000001,89.03,1285
e51f22821f0c12a16ad5c020cdcd55e9,583.8100000000001,529.6600000000001,90.72,1286
eddd1991bd6d9309995a480c39b95137,601,529.45,88.09,1287
a513150f33f99a06569e9cd5c4bb889b,548.35,528.75,96.43,1288
0bb738e4d789e63e2267697c42d35a2d,807.9,528.17,65.38,1289
8185694b58b2ba6de20fd41ae608bbea,634.8,527.61,83.11,1290
f5fea3ffed6c2e889bab72705557c63a,744.9,527.3499999999999,70.79,1291
7a9c12e235c36247c3c81f50d6ea9cea,598.94,527.17,88.02,1292
b8578d2d823bd8e251f6fdd02b40902d,623.8,526.21,84.36,1293
a425f92c199eb576938df686728acd20,727.3,525.87,72.3,1294
53336f97ddbe53e2a617d07b17447b95,599.5,524.17,87.43,1295
17adeba047385fb0c67d8e90b4296d21,809.6999999999999,522.0899999999999,64.48,1296
094ced053e257ae8cae57205592d6712,729.3999999999999,521.8900000000001,71.55,1297
3c3017960b2dbd72711a61f0400aab8f,704.1999999999999,520.5799999999999,73.93,1298
a36ac007a4d18f865c8d32c3b2402c2d,629.95,520.5300000000001,82.63,1299
412a4720f3e9431b4afa1476a1acddbe,699.2999999999998,517.96,74.07,1300
e8a85b5f3df47be0984c55fd4064dbb4,597,517.89,86.75,1301
3faf68a3b0af94b10bac70d86077be49,566.97,517.19,91.22,1302
b9ca8e8baa5d4aa038394a700f63e69f,717.84,517.13,72.04,1303
c03121937e54a93fcc1825c3098bbb6e,596,517.02,86.75,1304
2d518637f53161b973e01f56ea4bb88e,704.9399999999999,515.51,73.13,1305
7139dc5186aa238b006e066d8fbab2e4,862,514.9799999999999,59.74,1306
297d5eccd19fa9a83b2630071ff105e4,621.98,514.1700000000001,82.67,1307
6179a28a13a726c29b3bf54c070dccab,600,513.76,85.63,1308
5b07547f10dd980738a1a27f685af669,598.4,513.61,85.83,1309
093805f8f2aeb63881444571e1f48f30,729.54,513.53,70.39,1310
2e1a7d075abe038c1b2743005fe42ff1,693.6999999999998,513.3800000000001,74.01,1311
d1ef48b38baca7e831711c4a0aeb398f,938.2400000000001,513.0799999999999,54.69,1312
cd2169d9f31ff6fbb9ca3373b0c9e354,569,512.67,90.1,1313
52f9db5cfb423382a2fa5c9e39303202,746.2500000000001,511.71000000000004,68.57,1314
4cc4fd4fdd406a85bbdc1f824b731bd7,539.98,508.74,94.21,1315
4324dd16853115efb0fd9d0d131ba6f4,771.8599999999998,507.3100000000002,65.73,1316
c878515173c84a492ebe50d6b493230b,583.88,507.02000000000004,86.84,1317
8ff1a9df749e454105c55cda13e79143,625.3,506.68,81.03,1318
7aa538dd6e114e503a2e6154ea352253,566.79,506.19000000000005,89.31,1319
ff314fa6033cc68ec451c47aee2d6ba4,537.9,505.46,93.97,1320
d1c7fa84e48cfa21a0e595167c1c500e,683.13,505.4599999999999,73.99,1321
d4e12e7884759a14fa0f5f896c791cae,754.9999999999998,502.8599999999999,66.6,1322
90d4125885ab6c86e8820a722be71974,519.82,502.46000000000004,96.66,1323
6b536a23086fba0d58c08d68814397f6,641,502.18999999999994,78.34,1324
7813ea3ebd9411dc600b4dd01f7a97b9,575.5,501.86,87.2,1325
e433f5fd4050e3352b5d83522b7fe24b,548.06,499.34999999999997,91.11,1326
9f50216bfd01913736a55a11b55ea842,690,498.02000000000004,72.18,1327
ecccfa2bb93b34a3bf033cc5d1dcdc69,652.18,494.88999999999993,75.88,1328
0aea4c6ae1505b3228ddf3dd7822ee5b,537.96,494.72,91.96,1329
89f69225956f951295ca4c7fb1266553,622.5,494.34999999999997,79.41,1330
9b00ed88b7fdb95d6ff76e27c1b52d16,771.8,491.97999999999996,63.74,1331
71271995e85f5b8530be99ed54a91b89,582,491.30999999999995,84.42,1332
6ddc28b61be28373b4503a1f61cf98a9,536.7,487.95,90.92,1333
4a1917ef994878940e1fb03eeb787ad7,538,487.94,90.7,1334
7c5b05cbdb5542049f38d90d7815b97d,683.3500000000001,487.67,71.36,1335
788e857f317e53de488d393e65a80f45,550,487.51,88.64,1336
1d0997ff06b524ce9289ffd75114ecd3,549,487.37,88.77,1337
411f3b52d857390502ee4e4d5ceabc2d,678.29,485.00999999999993,71.5,1338
52956b80ae65fda598f06f6b9943e7a9,528,484.71000000000004,91.8,1339
0d4c8269e7f0401201794deef160edd6,566.65,483.59,85.34,1340
9a03a4e9eb0b947652fae4f6121a3f5e,610,481.73,78.97,1341
a7dc4098e4da6e41b426269d12ae7e91,518,481.55,92.96,1342
02c988090b766852e088c69d7fb3b551,595.88,481.16,80.75,1343
0ff83046c3fa22efee8ecf291888b191,698.9999999999999,480.33,68.72,1344
e48cc16ab70bfa09e1401740dce0b3d7,677.89,480.0300000000001,70.81,1345
2cb6eb1b7185064167657fa09f541105,582.5,478.71000000000004,82.18,1346
0bebbb2cea103a4a020c95d43fd7d754,549.6,477.31,86.85,1347
d1582f4043306e6b91afa6a8a884f898,550,477.15999999999997,86.76,1348
14ee35374a7876217954b5fa08e50463,541,476.67,88.11,1349
3f2af2670e104d1bcb54022274daeac5,645.8,473.48,73.32,1350
5962468f885ea01a1b6a97a218797b0a,564,471.95000000000005,83.68,1351
191d55f7edb8524d525ed01b20fe32e8,498,471.49,94.68,1352
04e38a233f726ef161074ab1c9b0399a,732.4999999999998,471.3500000000001,64.35,1353
9d681c7e12db302cb261e721040dde65,715.7999999999998,471.1699999999999,65.82,1354
64cc804291f90c81f02bfc2bb58ff55a,517.6,471.06,91.01,1355
d1b9d4be4b6f9ebd85f8acd6745ba612,583.8299999999999,470.92,80.66,1356
dff87e4de60c9736ce8df835951b09bc,499,470.67,94.32,1357
2aa3443d7bf9d9bb11133f420d75e083,587.1999999999999,469.2600000000001,79.91,1358
6806dad1da97bfb5a9038eac6881f706,540,468.63,86.78,1359
54583ab379489add547fe47b628db589,500,468.56,93.71,1360
7a425d299613df3e613bcf9d2eaf5c49,635.4999999999999,464.73,73.13,1361
aae5e7b457a3c72ee230a47d98fceda5,604.8,464.03000000000003,76.72,1362
014d9a685fd57276679edd00e07089e5,545.91,463.4599999999999,84.9,1363
c4fb51fb1c5b7c07bc5e67be6e7e8f6e,767,462.9199999999999,60.35,1364
7ecd59e5e20407131822c1a68ac59c1f,739.86,462.47999999999996,62.51,1365
d9a84e1403de8da0c3aa531d6d108ba6,926.2999999999995,462.37,49.92,1366
2709af9587499e95e803a6498a5a56e9,879.200000000001,459.25999999999937,52.24,1367
1d2732ef8321502ee8488e8bed1ab8cd,469,456.7,97.38,1368
0a85ebe4e328db81ac9109781205e2f7,568.9,455.09999999999997,80,1369
b16d3dadc47d4eb18be3d88bad0775ce,587.4,454.6,77.39,1370
5e49e3a44bdeb5aab2684258bbd4f525,507,454.2299999999999,89.59,1371
365e4bce19bda0082c3d15d83fdb8bcd,479.79999999999995,452.46,94.3,1372
6dc9bec584588412a6a338830946a3e4,560,452.17,80.74,1373
ffad1e7127fb622cb64a900751590acd,619.3000000000001,451.23,72.86,1374
87d30a6a0cbf89356e49324971ab1d24,554.47,450.55999999999995,81.26,1375
f19516b9ff26bfeb091b30108db4ddbd,519,450.28,86.76,1376
6562efe88ce0826a4ca4f189f03b4b84,616.7999999999998,450.09000000000015,72.97,1377
48985c61529077fa4f1e38bcff0f2ed3,519.6,449.05999999999995,86.42,1378
0b18d63d0cd1d723567903fd34a07df2,583.76,448.7899999999999,76.88,1379
5abb8ea023c77787f2c15da891c8d384,768,446.69000000000005,58.16,1380
c54679b132454625907c773d273d4126,516,445.65999999999997,86.37,1381
0417b067eeab773d2f7061a726dc477f,872.63,444.81999999999994,50.97,1382
2305ab43e846518f58dd9d59f3f54e96,468.9,443.65,94.62,1383
6338ea67c41078a46ad99cc009654956,886.9199999999998,443.5199999999999,50.01,1384
8fdca8e349553f99bc738833a62c8802,648.4,441.19999999999993,68.04,1385
312ba1d77e9c332ef21f9598b7f64cd7,522,440.44,84.38,1386
e9729944ba65dc3ce425e0c5a22ae7b2,449,438.53,97.67,1387
abc015ebac1d283a323ca9db35ede4b9,531.8,437.64,82.29,1388
fc4751cfe3b279c419615b9b00c1abb4,453.7,436.34999999999997,96.18,1389
a2deecd5398f5df4987110c80a1972a3,631.71,436.31000000000006,69.07,1390
63a79f5a7eb5cb48a7e5787b141c7993,555.3,434.74000000000007,78.29,1391
2493dc3f20131696a0ecdb9948051a8d,504.38,433.68999999999994,85.98,1392
fc59392d66ef99377e50356ee4f3b4e1,519.99,433.02000000000004,83.27,1393
c273175f7c6c80fb02f051e2fc6d0d72,552.56,433.01,78.36,1394
718539d38d07dd351c76db862760e2e2,829.7299999999999,430.49000000000007,51.88,1395
07bf9669d84d1f11be443a9dd938f698,708,430.46000000000004,60.8,1396
dd88d13bea9e4c2bf47daf224f8141e5,458,428.62,93.59,1397
427165bf50f8ca07efc7bdc2bfcf1688,440,428.56,97.4,1398
9c690ceacd5c66731bf443ea810195cb,629.0999999999999,428.09000000000003,68.05,1399
e546117ed9cafbc40239c0c78635c584,456,427.65999999999997,93.79,1400
e58a5b390e28abc0b216cfb0e07d27d7,493.9,426.82000000000005,86.42,1401
f4a04f7be452aa3bb31760bf00055dd0,549.6,425.65,77.45,1402
9a1aea68d3efa00862ec88c0768037d0,479.70000000000005,425.39,88.68,1403
04fdea0c111866e6cf812f1570d6b5bd,570,425.18000000000006,74.59,1404
5e106d93b717c2682b9383da480364a1,445.9,424.19,95.13,1405
df0f42bc4c2142eacf0eaf2cffd0cfbb,515,423.97999999999996,82.33,1406
7e26c750b4cb9f6766f58265ff9ebe95,597.0999999999999,420.25000000000006,70.38,1407
0afccdb8a34ee5c79f7c06faf2b4d56e,610.7999999999998,419.3800000000001,68.66,1408
5a6a02f419701fc8c605af71d4fc57a4,490.7,416.5,84.88,1409
b9a03475e6447e631b6799ec8274800f,571.2,416.08,72.84,1410
4e6015589b781adaa5ce7f1892d06bb1,456,415.6,91.14,1411
70bf57d811208f8923b41bbd499a67a4,465.6,415.23,89.18,1412
1cbd32d00d01bb8087a5eb088612fd9c,556.42,412.85999999999996,74.2,1413
a5259c149128e82c9d6d46e0c1c812bb,683.9,412.39,60.3,1414
8c0de775f52fe41590b376a3b7c50f68,522.9,412.1700000000001,78.82,1415
41c2bad7229b0c25e6becf179ebf63ff,544,411.68000000000006,75.68,1416
ee2fbacc2fc3794e656cc4d933d59ce7,464.97,411.24,88.44,1417
7a91bf945c6fae0779f1c61ce97fe45c,459.70000000000005,410.54,89.31,1418
0b0ddbc7b9d9584f442c7ac92b0ff6c9,449.99,410.15,91.15,1419
402916f742e5c740cc751493d9cf5053,467,409.43999999999994,87.67,1420
6bb62a4912377c7bfe7cb17b406bc7e6,450.25,408.80999999999995,90.8,1421
5f67c6082caacb26e431a7b17940cece,493.90000000000003,408.59000000000003,82.73,1422
5b664594895aefb418afaee6d40a9a23,536.6999999999999,408.5799999999999,76.13,1423
e59e489e2ea74bd409b798b5daf49de3,495,408.23999999999995,82.47,1424
d2e753bb80b7d4faa77483ed00edc8ca,619.7,407.76,65.8,1425
5a425cc503b39b262a847fd6212bf53b,499.59000000000003,407.50000000000006,81.57,1426
9bc484c87d79cd4874e05ca182658045,517,405.94,78.52,1427
54aa8463e87776b5612f4bdc4bd5d4de,489.5,405.76,82.89,1428
cda598c48d7c614bc1cad7d8ff6f0010,544.3,404.54,74.32,1429
6d22a1fcebb6dd08c9cd90b92a93e8d0,566.9999999999999,404.23,71.29,1430
89ad3263c0931c47f976d7c5778e60f6,498.3,404.15999999999997,81.11,1431
a44fb5a447105f8469bdf16bf9159f25,548.3,403.41999999999996,73.58,1432
feb793c88d836c3a75efa4b5a3465d70,466,401.83,86.23,1433
bdae679a9b282249bc23b9b69dae9a99,523.1500000000001,399.7300000000001,76.41,1434
4b1eaadf791bdbbad8c4a35b65236d52,450.19000000000005,398.05,88.42,1435
7402d13c03a7e91366337cd1de471144,528.38,397.19,75.17,1436
bac692d6c0ed08467878018e6cc9c26c,477,394.77,82.76,1437
b12cfd255810394b60caef18ae163547,560,393.85,70.33,1438
c8417879a15366a17c30af34c798c332,646.4,393.64,60.9,1439
ba6b68b55fe8704377a7d43c8e5c0185,449.88,392.96,87.35,1440
a67780aba9dd436e7ac0aa1f889e73ec,519.2,392.95000000000005,75.68,1441
13f57c12a00ed4610db646b913a7f5c6,522.1999999999999,391.55,74.98,1442
20b54c376b794ed028df09a3cd88e8dc,447.55999999999995,391.44,87.46,1443
d90fe2229fee1a5da999ccd0c06c1667,440,391.32,88.94,1444
431050a06a317f2b38168dec3dcd2b46,462.8,390.56,84.39,1445
a066df7361163e7ddc5d7452dd17448b,519.0999999999999,390.49000000000007,75.22,1446
5fd924b4836098a5be0ecf81ba054ce0,481.8,390.15000000000003,80.98,1447
6e0908ef4d4efadbc3cc2b74ea477cb0,517.85,387.91999999999996,74.91,1448
134a288e7de827ec5ec62e3ec9c3a295,448.85,385.28000000000003,85.84,1449
e250d617a0ad591ba9bd663e584a895d,456.21,384.93,84.38,1450
be3b4b0f050a6aa1b2d901c4b77e979f,525.2999999999998,383.27000000000004,72.96,1451
f8201cab383e484733266d1906e2fdfa,514.4,382.97,74.45,1452
7238f877570096ae403c51898fa64566,400,382.32,95.58,1453
28ea411b354f14b1a494be4e79f0ce02,415,380.91999999999996,91.79,1454
671585f5a2af58b6e276bc01003c0d2b,615,378.18999999999994,61.49,1455
525e75a6fb1454a2325ab1734bcec221,457.47,378.09,82.65,1456
05a940b4ecae36cadfd8e93bd9c43257,460.59999999999997,377.59999999999997,81.98,1457
8a207b6080964f3c1fc9d35bd6096ba4,553.7,377.36,68.15,1458
4221a7df464f1fe2955934e30ff3a5a1,509.70000000000005,377.24,74.01,1459
ba6b4a237f92479743cf0ca06b67a9ac,429,377.01,87.88,1460
b5abf4f36adc043117b4fca82c22984c,491.4999999999999,376.33,76.57,1461
d558ebe531605a1285ab2b1bc3256dfb,424,375.34,88.52,1462
e63e8bfa530fb16910dd6956e592bb81,758.4999999999997,374.24000000000007,49.34,1463
52a52b9f656520e99716f5bc40f661c8,455.97,372.87,81.78,1464
9c7fd21e0aa159b20da593371f08ff7c,467.5999999999999,371.49,79.45,1465
ddd51ae8cda92f3995a51fc0f0f3eec7,562.3999999999999,371.37999999999994,66.03,1466
4a23adac87cf538689fa600d976f78b2,405,369.59000000000003,91.26,1467
b274baf5bbd142410eb2958cf685d684,500.9,367.7,73.41,1468
e0eabded302882513ced4ea3eb0c7059,479.4,367.18000000000006,76.59,1469
a7ecf689b40a44361e259b28939023e4,389,367.09,94.37,1470
1976a05ecf2996d6ffb7b5430e635fe7,558.6,366.23,65.56,1471
c37b2059d4f90d4feead554e5246565e,461.8,365.46999999999997,79.14,1472
05730013efda596306417c3b09302475,476,364.63,76.6,1473
8fbd63429be6d3e5e6d1a709b6464802,461.4,364.39,78.97,1474
334cab711dee080b079fa5779b584783,496.29999999999995,363.19,73.18,1475
542917da124346b47ea1ac79a93ce454,572.5,362.64000000000004,63.34,1476
ba5daa4041e1f15cdf34b76e3e18a450,441.29999999999995,361.32,81.88,1477
1464afc72f696af775557a821c2e253f,577.3999999999999,360.87000000000006,62.5,1478
4a1f694197d05fe70026b016a7316b41,632.83,360.4400000000001,56.96,1479
e1dc0754bada9ee4cfe9713f22f61292,525,360.21000000000004,68.61,1480
dbec9a0a7efeff029d4d9dce7dc4cc95,410,360.08,87.82,1481
89a51f50b8095ea78d5768f34c13a76f,489.96000000000004,359.2,73.31,1482
236585a4ddb5fea9fa40233e2249ed91,489.74,359.19,73.34,1483
6d7f8d9d594e28796b6b3205b00f459c,417.9,358.78999999999996,85.86,1484
c7dcd301ecfe5ab7f778ac172cf74be7,407.79,357.39,87.64,1485
12a8eb0f8d1cd3270695bf2a99f55966,397,357.33000000000004,90.01,1486
95b293867b5862941c9cd74f756a3c68,405.6,356.83000000000004,87.98,1487
11eac105f3f90a9b87b19c89d91e24f3,414,356.36,86.08,1488
1cd9e0cc1839d55516843def5600816d,407,355.26,87.29,1489
c35672b10ad50968f567ea3f4b91e877,515.1600000000001,355.02,68.91,1490
bc47d5d1490df2b36add65d733eafaba,520.4,354.80000000000007,68.18,1491
d263fa444c1504a75cbca5cc465f592a,399,353.93,88.7,1492
3492e68f37fd1df87f4f2f2ea247f445,419.94,352.75,84,1493
d8c7ba53e7e38711eaef8c2849d6d2e1,691.9399999999999,352.51,50.95,1494
0aa2205ca24f113f4658a5c536667426,403.78,352.06000000000006,87.19,1495
ae45df84722b1d15c5f32b23a095746c,412.97,351.13,85.03,1496
f650a9708fa1bab22bdd8d3a818cc415,411.93999999999994,350.27,85.03,1497
a72c2f59332659e361d647515c698798,407,350.13,86.03,1498
08d2d642cf72b622b14dde1d2f5eb2f5,490.69999999999993,345.95,70.5,1499
1dc2de47ee26a0a5b12dc14fd6dc0dea,513.1999999999999,345.90000000000003,67.4,1500
11742f81550ac064cc9a40f67151d9ad,369.9,345.48999999999995,93.4,1501
daf565f087a52def0fd5c5825b3661bc,488.7,344.84,70.56,1502
8d899e15a5925f097cca50faa49b15e3,412,343.96,83.49,1503
62760d278921b5f352461620d68a9cee,397,343.9,86.62,1504
3f9c56764fabca627406093dcb3ef0b4,389.70000000000005,343.83000000000004,88.23,1505
b5e3e38609125694d2ea2417522a60b7,495.92,343.77000000000004,69.32,1506
979e9f8b5b39dd243a2550c8b05aecf0,375,343.68,91.65,1507
39d61be7a92eb77b7da367bd4845bc0e,504.62999999999994,342.91,67.95,1508
17eea220a40cc0d2c0c5346379682398,358.99,342.73,95.47,1509
d66c11a9572221d92fbb8c4897db5f9b,677.4,342.03999999999996,50.49,1510
0951a6e282947e09cd47969f4ed0b47f,399.4,341.62,85.53,1511
1bb3812d5f0747a3ab7348f199001a10,459.6,340.2200000000001,74.03,1512
a247197e2e9c19a6a53a6888cb8b660f,399,339.54,85.1,1513
51e4e89242cbb846c2deff3dc015650e,507.99,338.8599999999999,66.71,1514
5a413ade68e8f8d93071a7f52a64cb9e,440,338.76,76.99,1515
bb135baca94c82fcb731335ad5b04a03,523.7,338.73,64.68,1516
d9442042130b7fe579d1295f9f4a248f,588.0599999999998,338.62,57.58,1517
5f06030071324cc52bf0304014ac7234,391.98,338.58000000000004,86.38,1518
bfd938b22bc99bce1ae60dc602889f52,409.6,336.87,82.24,1519
fe4cd9461203cee790d36792420b310f,391.15000000000003,336.77,86.1,1520
559d56f3b8f0bc2e5a9a62fe2ce2a39f,385,336.28,87.35,1521
7df1fc11cc5cbc518b39faa60cf5d67c,413.70000000000005,336.16,81.26,1522
2f73e04d12cdf0c945ded66bb3fcf6c7,379,335.37,88.49,1523
3092c0b297aacfb4bb6e056ebe13b9b8,411.4,334.72,81.36,1524
4eeb99008a0f59d2c7759c59f9a346eb,352,334.66,95.07,1525
4b39558c138930b9e5489c93b6df5fe3,378,334.64,88.53,1526
058cb5aeb36d7c0fcae20fc85d5e0a59,962,334.43,34.76,1527
1967a9e2ad6f51802b093147d861df58,380,334.24,87.96,1528
da7039f29f90ce5b4846ffc0fcc93beb,431.40000000000003,333.46999999999997,77.3,1529
efff9341f3f8f5237b44ff67ed36a7bf,369.99,333.33000000000004,90.09,1530
8fd3b4468f6425810648177996c14cbd,354.9,333.22999999999996,93.89,1531
01c97ebb5cdac52891c0ed1c37ba0012,430.4999999999999,331.88,77.09,1532
cc80e2f693fa6e2408f47ccf62413fc1,420,331.37,78.9,1533
5f3ae9136c875522250f8184f253413a,774.15,330.25,42.66,1534
e8dba4d70f7f2b20e775d09cae01142d,389.97,329.06,84.38,1535
c13ef0cfbe42f190780f621ce81f2234,390,328.72,84.29,1536
2063dd1b9f568df1c16741ea7d3e6adb,345.62,328.45,95.03,1537
3ef37b7ca6dd2b80bd8af81a62504996,350,327.73,93.64,1538
11938fcc75f6902fea1d0a6f72b54a57,344.99,327.57,94.95,1539
729b2d09b2a0bdab221076327f13d050,757.5899999999997,327.39000000000004,43.21,1540
c1f12f926d0ba950578b4fa41115cbb6,389.70000000000005,327.12,83.94,1541
e84ad2127668df3aafc6b73531a0beb8,470,326.75,69.52,1542
c33a5c3c983090c8b78a28e65052a20d,419.4,326.46000000000004,77.84,1543
6c17baf138731a4aaacc3210adf2037b,379,326.40000000000003,86.12,1544
731ef20c231d9a7103a425e83fd91271,564,326.15999999999997,57.83,1545
f918546be4bec7104d117789ba758b2b,440,325.20000000000005,73.91,1546
cb6c9f5888a7a090c75beaf615925792,471.16,325.02,68.98,1547
325f3178fb58e2a9778334621eecdbf9,626.6999999999998,324.7799999999999,51.82,1548
933446e9a59dece7ae9175103820ca8f,381.39,323.93,84.93,1549
160e4f13fd3a64b1b86807be88b5ffb0,358,323,90.22,1550
89c127985a8b130cfa45c1d36764017a,383.69000000000005,322.5300000000001,84.06,1551
bc503e244f187939d10c92a5c8e378ce,467.87,321.88,68.8,1552
7957cac1a02f45d0a4a7e45626382ec2,343,321.36,93.69,1553
577719699805dd125d5b6fdde5943bba,467,320.85,68.7,1554
e5cbe890e679490127e9a390b46bbd20,329.99,320.42,97.1,1555
458c6fa920810ce2492da71bc26d9eec,378.38,319.5,84.44,1556
94d76e96eedd976258cd3278ce56d5f2,385.61,317.05,82.22,1557
4ebdc7e6cd6102a022dadc49156d4ea8,523.8999999999999,316.69,60.45,1558
980640c45d7a4635885491d077167e4d,425.56,315.99000000000007,74.25,1559
5ca5d579b5857ee8709479b1047cecc3,339.89,315.9,92.94,1560
184725737946a1a938bbbd1a9e978103,359.70000000000005,315.83000000000004,87.8,1561
777a0c55737f34ffeb78010f7542ab41,382.55,314.46999999999997,82.2,1562
c8025364abeecb115431bf95c11a747f,329,314.26,95.52,1563
63191ead8d3b2f937cd1996fdcbbad20,367,313.71,85.48,1564
97e995629983723d11830a829bc2b246,399.6,313.27000000000004,78.4,1565
74636e24f01da9268b0ed88dacd8513e,398,312.45,78.51,1566
f4ce8ca9fa7157e3b33f536ac9a4487d,409.6,312.07000000000005,76.19,1567
ab3e0c171fe84a7ba7de130f19cfb485,379.68000000000006,311.64,82.08,1568
59cea8e446d3834393058e7e0666b6fb,456.99999999999994,311.45000000000005,68.15,1569
b18871c324516afa228a13e8f1ef0ae9,420.43999999999994,310.8,73.92,1570
5b2e94f2c22b39ccc24d34ad0f669672,474.79,310.39,65.37,1571
78ef7e885d17f35e2382a47aae8b8cce,358,310.34000000000003,86.69,1572
2c538755f1ca9540af144f266e70df6c,334.99,310.07,92.56,1573
8759e7aedd644f487315e5860962f162,418,309.78999999999996,74.11,1574
b2c97074649f92197d9387d9033dda5f,554.91,308.3,55.56,1575
c7a0a13cbcf29d5ce51c8f80afdc0b89,445.1000000000001,307.53999999999996,69.09,1576
253f95b3a0e6983ae18aed49fbc2b845,368.70000000000005,306.87,83.23,1577
c611f4ce9ce875bcc063fa97fd4d7d12,319,305.75,95.85,1578
83a75eea11694e36e56dd0cb2240229a,338,305.32,90.33,1579
cd3d09fbe6e3e9ff0c0ac0c300e93ae7,430.24,303.16,70.46,1580
ba6ce6de456f6c11d08c17701ba5c26f,347.45,303.08,87.23,1581
a080fc8a850289b27500f6b49cca2553,348,302.94,87.05,1582
f205b1a3ca9a34e0f8a228bae6e4c7b3,445,301.63,67.78,1583
00720abe85ba0859807595bbf045a33b,459.1000000000001,301.02,65.57,1584
c3f5668699a1b04c0fa61ecea1e2bff6,407.81,300.69,73.73,1585
0e982cff76cc0579f632cea8a0e38c9d,389.82,300.66999999999996,77.13,1586
9198786624eaeb375793215cad26cfa6,391.8,300.27,76.64,1587
55029529919c0123526150bd26ca8f20,402.95,299.87999999999994,74.42,1588
ad273c9eb54ecb4532de4bf75bae9e4e,451,298.94,66.28,1589
02b72cdeb9cfcc429f1af6f4e3f3b737,522.65,296.66,56.76,1590
5d9dc90a686a8fddacffab6bab5653a3,360.97,296.39,82.11,1591
b43d8b707f887a30f4675391098354a0,349,295.84000000000003,84.77,1592
3b18f9856c6eb2413eafedb58e9eecd9,315,294.91,93.62,1593
262237171f48e85819065498cac80d7b,419.29999999999995,293.78,70.06,1594
eb9267cccc90f1b49c8d2f9887c7dd97,319.9,293.53,91.76,1595
adcf50477d6a1f5d91bb9d54c4903cb5,708.55,293.23999999999995,41.39,1596
cb9fb4ca75d7ba8437480e8dde64fe98,433.18000000000006,292.9699999999999,67.63,1597
ebd1417732defaf66c50b5a800eb293e,309,292.67,94.72,1598
70b52a4cfc823994561b00bad161b4ed,351,291.96,83.18,1599
b5bb2b985208834bd5bd86c7a402bbad,310.53,291.91999999999996,94.01,1600
b0398568231ba5e6734af1881671a317,347.79,291.78000000000003,83.9,1601
34a557286ead8fe75c989e0afcf7d98c,335,289.44,86.4,1602
1dcfa3835714681d4ba4a93bc1e0fd41,399.5,289.11,72.37,1603
973f21788dfab357250f69a8dcb7ddee,645,289.07,44.82,1604
6e4f5ff6b086632ba8dcb558fb10249e,403.9,288.77,71.5,1605
9485a23c0430ba1d58d359391606fce6,299,288.71,96.56,1606
b4b447d715f9ab302a188fb43d3e96b3,323.98,287.3,88.68,1607
4e85b538b0dad58852641540686d0e14,354.18999999999994,287.22,81.09,1608
d149de2f383552baea37a7198c2296ce,320.70000000000005,287.03000000000003,89.5,1609
4e480be820e37de1444325ff358c9296,430.3,286.86,66.67,1610
c7fdb77fdbff3c41981bc52f787e959e,394.9200000000001,286.69000000000005,72.59,1611
d29ba1220fb8634fa3a107e54497b8a4,389.97,286.38,73.44,1612
c522be04e020c1e7b79f3acff36513d5,319.96,286.15,89.43,1613
a1bea7061f61f6fdd9a85a6325ba1033,342.86,286.09,83.44,1614
29fe9f200d3fa0c668d2aa1ec7e08dfb,400,285.84000000000003,71.46,1615
228e4c1a0be164f613d41c24345f9d2c,429.70000000000005,285.66,66.48,1616
ac6417315ae5da8f9a38ee11de6f7780,388,284.99,73.45,1617
66fd84ee7528c0c0de85d0f44a73d5ab,457.33000000000004,284.71,62.25,1618
33cbda8716511e27e556dff9d8418bf2,344.7,284.67,82.58,1619
f00f5b35d0abcacbdd863672f4bb2c1a,299,284.57,95.17,1620
f3c38ab652836d21de61fb8314b69182,409,284.34,69.52,1621
6a8a889bde935bafa76d7848782dfaf9,501.92,284.13999999999993,56.61,1622
28fb0829fd777877cdc350d25cb5bd5b,329.70000000000005,284.1,86.17,1623
3dbbce181edfaa4a597ec858c382d2ec,570.9,284.07,49.76,1624
a53f60f05f822b5c621a50ff6a5cb362,392.5,283.36,72.19,1625
4170f6a9367e6b5d6401d03ce6d54569,333.89,283.24,84.83,1626
6879c4d287a8dd06b11f54ea8f78e4da,388.78999999999996,282.28999999999996,72.61,1627
ef2fbc2b607d8492bcffe657a4645434,422.0999999999999,282.19,66.85,1628
9b76ad3d04236f76bc71c59470305e13,329.8,281.90000000000003,85.48,1629
670a9dda115b5a88b18cfadee8de2332,349.6,281.89000000000004,80.63,1630
0d83f8e03188682112cc0d93523705cc,340.66,280.59000000000003,82.37,1631
caa9bc43a9fe8cf9c564ddd8a03cc4a6,418.93,280.59000000000003,66.98,1631
51209b446b2073894bdc0face6c73ffc,359.6,280.32000000000005,77.95,1633
d1e2fe627180431ffda076abb303c56f,289,279.95,96.87,1634
41da412d33e8da4f22baf55cb1bde82c,426.8,278.98,65.37,1635
a35124e2d763d7ca3fbe3b97d143200f,344.5,277.56,80.57,1636
cfd7ddab722b902f7ac5b5f3ba6d723d,413.84999999999997,276.74,66.87,1637
c394e193cda3b4225ff2094d32184849,284.99,276.13,96.89,1638
74871d19219c7d518d0090283e03c137,322.01,275.86,85.67,1639
138dbe45fc62f1e244378131a6801526,630.8999999999996,275.33000000000004,43.64,1640
e94b64dc6979b302a5a5be1662c83bb6,306.89,275.15,89.66,1641
666658b8da8370f30e1f89893b1de5e6,298,274.66,92.17,1642
07017df32dc5f2f1d2801e579548d620,315.79,274.44000000000005,86.91,1643
f44bdc12aa39f5271f0b95f66cd4c289,336.79999999999995,273.27000000000004,81.14,1644
e504a4e2efaa45cbff7e268a2c58c956,389.6,273.17,70.12,1645
7b98de631987e26dd6d803490c43a13c,347.6,272.6,78.42,1646
aac51c486b672a9850d59f3e84b1cf88,355.1599999999999,271.66999999999996,76.49,1647
38e6dada03429a47197d5d584d793b41,429.02000000000004,270.57,63.07,1648
515d781150feed28a6ac091bb0e3cb8c,318.98,270.03000000000003,84.65,1649
5f7300535881cef3b625fd683cf7d145,367.84000000000003,269.09999999999997,73.16,1650
7dea6f73af847b42cc3985bd620f994d,324,267.83,82.66,1651
c89cf7c468a48af70aada384e722f9e2,445,266.63,59.92,1652
72c38a04bd6a1c3dbc5298425a0db86d,284.9,266.60999999999996,93.58,1653
5acd070dd3fe441bbb2ec1f1ede515ee,325.78000000000003,265.9,81.62,1654
3dc69bf2c42f0568a5c4791ec3fd3745,300,265.57,88.52,1655
ea1776927851da2532aa70d6a32c095a,318.79999999999995,265.28,83.21,1656
5dc203c7b84a0e71e878a179de05fb9a,377.9,264.19,69.91,1657
0c7f30ae9b147eca07affbef92832a6a,319.70000000000005,263.63,82.46,1658
3be5841cdcc46de4ed3f9116f104b2c5,299.8,262.51,87.56,1659
e644cbadf7eeb30d0d29f335ce7d52ec,328.95,262.11,79.68,1660
fe87f472055fbcf1d7e691c00b1560dc,299,262,87.63,1661
3969863bb8af7f72580b3b1ffd3a17b3,419.28,259.66,61.93,1662
7c51de0ab286204ce75ff42bf7c10d92,303,259.63,85.69,1663
49067458c68f7701fd334ce326accbe0,538.55,259.59999999999997,48.2,1664
343e716476e3748b069f980efbaa294e,398.8999999999999,259.17,64.97,1665
07de60b03d150fb3ea09eab5da5e4c8b,341.6,259.08000000000004,75.84,1666
ca77545ca4d2dfd1431bf61334e2fa3c,397.5,258.45000000000005,65.02,1667
0f0c984a4a955310903b6b6008660bad,369.81000000000006,258.24,69.83,1668
a9ae440659f48b7849df83e82734150b,285,257.98,90.52,1669
6650fcccd8cd2f7e55ffa524f30c4c59,339.8,257.86,75.89,1670
dc50afafdfa325eadc890c7fa42a8f4e,286.4,257.72,89.99,1671
3586b8580d9c917874e053a1bb37b5ff,621.1999999999998,256.71000000000004,41.32,1672
73b8eb4a9a729d4019b24ed1be748cbf,319.02,256.27,80.33,1673
87d3c3aeb3ead335511b3ce315eb341e,327.94,256.06999999999994,78.08,1674
bf00385a5f7fc1ef39a13c2e9ee50a5f,457.4999999999999,255.99999999999997,55.96,1675
79565f7d5603b24ddf07ade262547f2f,351,253.77999999999997,72.3,1676
5f5a58930c3c35f3b5af264f34fb8c85,282,253.73,89.98,1677
6eeed17989b0ae47c9f11ece6f38ea90,278,253.5,91.19,1678
6b9b80d53ba3676eafe60268a810b5a1,326.9,252.79000000000002,77.33,1679
ede2977fbaf3738583170735ca403f6c,289.9,252.54999999999998,87.12,1680
b6dc74ed30f124f95227bed4e43a3bed,470.16,252.48999999999998,53.7,1681
48b6c3f4c6a93171da04b75313f2130f,290.26,252.45999999999998,86.98,1682
d2572f31e9023e9850ef986a636ff9bf,279,252.31,90.43,1683
79ee721b6f766066a80264402548d359,269,251.91,93.65,1684
d9e7e7778b32987280a6f2cb9a39c57d,360.5,251.26,69.7,1685
9cad4b68bb993ee401a3c5aaa2bc26dd,299.70000000000005,250.69,83.65,1686
75fbb52eda0cbc24f479d3b2fbfa8d3e,729.0899999999997,250.0900000000001,34.3,1687
e1b12447a7563944843191754aeb5562,323.97,250.07000000000002,77.19,1688
dbbcfe2c8d026742134ac3e28ccde274,288.79,249.64000000000001,86.44,1689
499ec63c58e51296c9cf57edcfe1c8a8,290,249.45999999999998,86.02,1690
a11a0e0ca67423425691db355cff69b0,259.9,249.32999999999998,95.93,1691
8f2b51a30523cdecddc2f179f351c7d6,284,247.54,87.16,1692
52092ddbd3a58c450a4459bf051b2287,292.9,246.19,84.05,1693
82cb9f452fe8334df74b22d37824b431,383.29999999999995,245.54000000000005,64.06,1694
4e326052e5dbba8adcd512f3450a307e,285,245.3,86.07,1695
f18112da765e0971ca5d510dec322bdd,327.8,244.85,74.69,1696
11fb6f6d341adbe19e81733701704635,399,244.62,61.31,1697
d65f31d2413268e671989503f6cf9993,298.9,244.29,81.73,1698
483ca627d131e18f988349b1655c0acd,264,244.27,92.53,1699
be8e909810184b9b19e886129149d8e5,359.91,244.26999999999998,67.87,1700
75a4764c108403a7a0575140cb22287c,389.36,244.18,62.71,1701
9a208dee8f95cfdf00760c4d627828ec,269.9,243.80999999999997,90.33,1702
7fe21dd00d2f4943ae09525efa2fd674,299.6,242.24,80.85,1703
a7a9b880c49781da66651ccf4ba9ac38,307.6,242.13,78.72,1704
28f10b1c5e5abb9d4857745bede6147c,402,241.07999999999998,59.97,1705
38af8acfd46ac4a7bf754e8ca6736664,286,240.84,84.21,1706
7994b065a7ffb14e71c6312cf87b9de2,310.3,240.35999999999996,77.46,1707
db46ca7bce82b11f7e247539271fc390,353.87,239.95,67.81,1708
c1ed9e3daf6154542826a6996af0fb8c,343.75,239.19000000000003,69.58,1709
6824a69c9ea0313eba299dd4a2dba09a,297.5,239.18,80.4,1710
5e25c632f9db6cfb8bc100421c2737b6,259,239.09,92.31,1711
48e954b2da4f6a750c844173b347ed40,397.8,238.79,60.03,1712
09bad886111255c5b5030314fc7f1a4a,292.5,238.5,81.54,1713
984c273121e743dd14767befe6cb17f5,259.6,238.29000000000002,91.79,1714
c4fabeea6e569d42d02993bb1f4f1cbc,329.70000000000005,238.21,72.25,1715
f9bbdd976532d50b7816d285a22bd01e,268,237.63,88.67,1716
3d0cd21d41671c46f82cd11176bf7277,376,236.85000000000002,62.99,1717
35b96509602ec4b7da831b5cd73ff2c2,259.9,236.14999999999998,90.86,1718
808d4348b916efa08e766ebad39f61eb,357.54999999999995,235.94,65.99,1719
c157bdeedcbc9a8e3c8bf0d87ff24428,329.67999999999995,235.48999999999998,71.43,1720
1099a00e0ee3a50935e6c2447ca090c5,249.9,234.25,93.74,1721
001e6ad469a905060d959994f1b41e4f,250,232.06,92.82,1722
01fd077212124329bac32490e8ef80d9,492,230.97000000000008,46.95,1723
6e13dd869aa7185f601c941423abcc8f,254,230.83,90.88,1724
5e105f5c9f63f5f1fd75d6cb942e55b1,333.9,230.65000000000003,69.08,1725
eebb3372362aa9a46975164bed19a7e7,295.96,229.76999999999998,77.64,1726
3ea00e1dea2b0659dbaf654735929220,355,229.28,64.59,1727
6e4a902d1054e4e17aa6eab87fac1c75,284.8,228.51000000000002,80.24,1728
e3a386fc36e22064434e1fa256f6a9fa,371.3999999999999,227.57999999999998,61.28,1729
e46bc031f2c5bae4ccb40bb90712e9b4,277.3,227.21,81.94,1730
7bcd7c5f8631701474db233ccf1c094b,295,226.69000000000003,76.84,1731
c714262700f93defc16bf17a51a4cb23,257.82,226.25,87.76,1732
e628d4a53c109f09ca88098338b3a3f5,285,226.1,79.33,1733
5a05a16bb50629ee31afab8a6d4c2674,332.2,225.76000000000002,67.96,1734
1e26c56af8d48424e1df0140a2401f83,258.9,225.41,87.06,1735
9e9b539eb2806acee3f5c28085c1db9f,249,224.94,90.34,1736
7354220fb240bde543b3c40c060d41e7,287,224.82999999999998,78.34,1737
20a8b0dc55da94fe74d112082427c84f,307.59999999999997,224.35000000000002,72.94,1738
7e79d65b5c6f1f544b7daea036acf720,239.9,223.46,93.15,1739
131fcb0a0c9a47bba4474aacff0f14b7,250.8,223.38,89.07,1740
af7cdac9d9897cddead9c6b08976c642,303.57,223.06,73.48,1741
26af45f5dfd967225a832838aa4e24a3,320.5,222.93,69.56,1742
e5899683388855d3dabe8913bbe365de,277.84,220.89,79.5,1743
d4f117125b59ce73c3302f88ee40c458,309.57,220.7,71.29,1744
ae45ad30c2d2e5913094769690a239d2,251.8,220.54000000000002,87.59,1745
70c4eedec9cb4a85cda2f3f9673557b4,239.9,220.33,91.84,1746
3bfba5a77604f6dfae7e6dd7aaf65821,239.9,220.17000000000002,91.78,1747
da6a60cc8cc724fe51be021ff8be779c,376.29999999999995,220.16,58.51,1748
64b87978a11c1ea7501a89eabe8c2c1a,279.96,220.01,78.59,1749
117cfc326c6d50da67ca858ff5c0c852,264.8,219.8,83.01,1750
7e959205cebc10adefcb331f934238a4,234.8,219.4,93.44,1751
19a7c9f66ffa6452ff4b4c0cca71da27,279,219.26,78.59,1752
4e42581f08e8cfc7c090f930bac4552a,336,218.2,64.94,1753
6bb66d9870c2e01c05655c7ed0e7ee13,269,216.98,80.66,1754
f52c2422904463fdd7741f99045fecb6,331.28999999999996,216.97,65.49,1755
10076e5788b8ee532724bcd460baf762,422.5400000000001,216.9,51.33,1756
26785a546900236d66f2e4197c211158,247.8,216.86,87.51,1757
94c49f20a123aeb9360dbf80ff912bf6,277.75,216.21,77.84,1758
0249d282d911d23cb8b869ab49c99f53,297.5,215.8,72.54,1759
acb6c2ca5c82411c1fdb88d5fd5eb95e,351.0799999999999,215.51,61.38,1760
5ef131ac72773e5b3f6c0d63cf424657,363.19,215.01,59.2,1761
6b803197e03abd5056b4313306b4f29d,307,212.94,69.36,1762
557f22c76691849db52d2abccf0015d0,291.96,212.45,72.77,1763
e5475dcab1e07b63d7f6e902d8f5eda8,313,211.43,67.55,1764
88ef59b51bdaa941d10a853429f2b6ce,252.9,211.1,83.47,1765
72431a818f97fe6ab9c81eee3e297e54,229.9,210.41,91.52,1766
8602a61d680a10a82cceeeda0d99ea3d,331.99,210.39,63.37,1767
3d39fbf22a665714baf62fae36029e23,224.9,208.57,92.74,1768
3a3e46d10f74d8a6ca76e2b538f106a0,260,208.44,80.17,1769
4e06067cc08b3f41d837768d392c3ee3,589.8100000000001,207.78999999999996,35.23,1770
1746c1ae87ac63d530c7c943d0ac42e2,229.9,207.45000000000002,90.23,1771
85ecf03781da592876b7844acc1b729f,251,207.10000000000002,82.51,1772
83353a83fd769dfafa4f21a72b15e3e5,239.8,205.07999999999998,85.52,1773
2d42ebcda99fd55f6f4bc2f1ca035d50,302,204.85,67.83,1774
042573af89b6d931f672efaf789d8358,238.49,204.83,85.89,1775
57c764b4a836300be881e2ff86e449f9,354.1,204.45000000000002,57.74,1776
6e864f5c4669eff3d98140a07cc50202,287.45,204.15,71.02,1777
1caf283236cd69af44cbc09a0a1e7d32,501.72999999999996,204.01,40.66,1778
88ae906ea2acf6971f26c3e8b7cb4357,246,203.99,82.92,1779
fa14641f57b655e933124a9ea49cd7a5,264.95,203.86999999999998,76.95,1780
b0b346d3a89f5eb4c2968af3f083cd43,329,203.1,61.73,1781
a5bff0f43eb51f0cad7c37fac7244c8a,267,202.97,76.02,1782
13511db12ac61e2f89c53b72a944a60b,268,202.76999999999998,75.66,1783
6e2d3e2dc84fb30f6078f39dd3bddd6f,219,202.72,92.57,1784
7210cd29727d674c00741e5e387b3ccd,263.55,202.34000000000003,76.77,1785
b7ed9fb14c8eadb37adb9c45d67ab0fb,353.1,202.13,57.24,1786
6219ba2359cfb97f2e38fd4c321eb309,252.8,201.85000000000002,79.85,1787
fac35d150712afb921ec59ac5f39bb11,234,201.8,86.24,1788
bbaff50f3b708fda865918715276cd87,352.3,201.72,57.26,1789
651fe66032c9520ee5587f694908040d,258,201.01,77.91,1790
13c2ed7698b3ca92dad49e849219da59,293.63,200.46,68.27,1791
751e274377499a8503fd6243ad9c56f6,218,200.16,91.82,1792
c8660dcf9ba70575f45d80fe28c27713,290,200.11999999999998,69.01,1793
a254c682cc01e119f83530446f1df9a9,314.6,199.92000000000004,63.55,1794
f783a638e9c6af4a7d0dbfde811e7a81,238.9,199.23000000000002,83.39,1795
ec21206b7894c503788a684a7bc822a6,247.8,199.19,80.38,1796
8b2d4ab22f42c5cfc338b846decfda60,290,198.94,68.6,1797
aa762680c40618316a896838866140ea,261,198.54000000000002,76.07,1798
f9ec7093df3a7b346b7bcf7864069ca3,239,198.35000000000002,82.99,1799
6d1b9c9579132c87d2703ec38c30f2c5,249.79,197.79000000000002,79.18,1800
a37c340b91cb0169e8b029db6440fba2,276,197.77999999999997,71.66,1801
a2e85714b56b1cb6bb24a9a6e6cad36f,224.8,197.2,87.72,1802
cb0b3bcf14e0a709df412a99424a59d7,220,196.75,89.43,1803
633ecdf879b94b5337cca303328e4a25,219.8,196.32,89.32,1804
9e6967d3cf386d284251784b18ccb485,280.28000000000003,195.98000000000002,69.92,1805
edf3fabebcc20f7463cc9c53da932ea8,219.9,195.78,89.03,1806
9b522ba7eae9e1d04082f267144583cc,248.60000000000002,195.64000000000001,78.7,1807
883dd81e82754ac2c65e9790a7db8c9a,259.59999999999997,195.4,75.27,1808
c53bcd3be457a342a97e39e5a9f0be22,299.70000000000005,195.26000000000002,65.15,1809
a4b8d97cd5d3674eeff96abc99d8ed67,214.08,194.78,90.98,1810
a64e44665225d19dfc0277eeeaaccc57,237.5,192.42,81.02,1811
a21c11ec5c3f03e7cc9f9203bff9e1c6,275,192.14999999999998,69.87,1812
19484c79cef6c062cb177aa4ef2fcc3c,201.9,191.74,94.97,1813
61b18775be84fb700a6b2d0ba097bf66,274.6,191.39,69.7,1814
038b75b729c8a9a04b0d07cba7eabe86,233.5,191.11,81.85,1815
bb5d956dece964a06c12bceb66b923ae,209,191.1,91.44,1816
bec568278124768c474ee90971ca94d1,219.9,190.74,86.74,1817
d9cd369bffa979d1634f8e1318bf2f1b,210,190.43,90.68,1818
b3f19518fcec265b2e97af287725f981,267.95,190.39,71.05,1819
81ed90f07c0bacb7594940ba2ef676aa,223.9,190.34000000000003,85.01,1820
b29d3380981c51df13fc6fbe87e1763d,231.7,189.6,81.83,1821
ead2bab70821ea148476ae9bc08548ac,265.40000000000003,189.19000000000005,71.28,1822
5c3460cd3e8a984382ae254e7dd20d9f,277.43,189.01,68.13,1823
ec4608a1f76453166bb312b2968aeaf4,596.6400000000001,188.20000000000002,31.54,1824
2953ce3a88f5e3c3b696d77fc9e4c8eb,295,188.05999999999997,63.75,1825
c84592044b180dec206770c38603814b,320.97,187.93000000000004,58.55,1826
d73cbd89533ce8b041a9190241453ac8,219.8,187.69,85.39,1827
9c1c0c36cd23c20897e473901a8fb149,314.98,187.63,59.57,1828
b248792ac0b60ec3f93d80af1b4fae47,281.79999999999995,187.54,66.55,1829
27a56ff04b34c2ba34ce6ba4d3b9d616,263.49,187.51999999999998,71.17,1830
768a86e36ad6aae3d03ee3c6433d61df,287.82,187.46,65.13,1831
c447f8dd3ed213f291d65ef074a268eb,220,186.75,84.89,1832
2b3b9ce054da76a7428df143a567b156,223,186.64,83.7,1833
92c8bc6e8f925792247656fed09aad65,207.8,186.53,89.76,1834
26bad72add1f86e08a776ce4ffdaf1ca,262,186.16,71.05,1835
128f9bfbe4c7d5185033914b1de3d39a,237.9,185.98,78.18,1836
49383af7ab774e4e8f3000f49c83dc4b,275,185.72999999999996,67.54,1837
56e361f411e38dcef17cdc2a3d99628b,248,185.2,74.68,1838
4450bd8327d471c4a11a83d1445b1b62,199,183.44,92.18,1839
c24173065483e421f9e5e7f599de101d,259.94,182.44,70.19,1840
3442f8959a84dea7ee197c632cb2df15,207.9,182.42000000000002,87.74,1841
b98b715fe9e276204e2a3464f48cd796,221.78000000000003,182.01,82.07,1842
2d22fc3089eb907b29ebff50581fb472,222.8,181.65,81.53,1843
e1bed63d68ac36fe1f3061befe196af5,199,181,90.95,1844
3289d8c3eef4873f91ce0b1343c0dd58,199.99,180.71,90.36,1845
5db42a6cd9bf1bf0d3aab9582767f168,200,180.67000000000002,90.34,1846
2f74af7a0ee5636f12c2336f9fffed47,261.3,180.43,69.05,1847
1de62b6f2fd96227629786db492433db,208.8,180.07,86.24,1848
ff4e2d38692ce827b1a4f4b8196e680d,241,179.95,74.67,1849
adbe70ab2c97442046d393988c8d1d27,229.6,179.63,78.24,1850
b080809eaacb49e5ca07290981472431,274,178.71,65.22,1851
35857757f553273b1056c1cabdace7fb,254.6,178.24,70.01,1852
ff1e15b778c700abdd4d239b81ac466d,239.6,178.07999999999998,74.32,1853
f1198c871e0171278b63f40d112caeec,225.9,177.61,78.62,1854
29e6e05b65f93bc224c644319dc52ecf,218.8,177.24,81.01,1855
c286ec035ee04ba81c97508f0b5df544,199,176.77,88.83,1856
1e47defeeadeca0e9a18fa5a9311e735,234.12,176.62,75.44,1857
5275ca25d0358ca73864e0ae41be1320,204.8,176.07999999999998,85.98,1858
e9874ae10b2d60d43917b6bbfa13a599,199,175.9,88.39,1859
32fdd5d44ecb43dfd6a24b9369eca144,239.6,175.78,73.36,1860
939e6227d6964a11a70aa91243e418f2,207,175.41,84.74,1861
7cf4ea70955b00d6b3c22542598e2715,189.9,174.99,92.15,1862
141440cad9341e553f8401c574a2aa38,222.39999999999998,174.92,78.65,1863
12c2ed9cded6138cf0c75f525f565fc7,199.98,174.03999999999996,87.03,1864
556a6409838156ea299c9d1f9e2dde43,192.9,173.75,90.07,1865
4deebb3199eeafb282ae33229144f94b,209.8,173.70000000000002,82.79,1866
768de2a4fc06aacecb9a586ccc30746a,338.99999999999994,173.09000000000003,51.06,1867
90b57083da5d803237da74daec6dcb2b,206.9,172.59,83.42,1868
a435b009cd956ea60748b5cfbddf2e24,204.98000000000002,172.36,84.09,1869
3fe7120d6257285ac6a3ce7cb071ccec,199.98,171.7,85.86,1870
73da1880b39c71de2b262bc7720c1494,199,171.29,86.08,1871
6bd503a8230299c9316fb0f726933927,281.99,170.79,60.57,1872
b00af24704019bd2e1b335e70ad11f7c,189,170.75,90.34,1873
3968920b9aa752ab98f7d5888c9252f2,244,170.52,69.89,1874
1e8c6a4c538f286aee9573239740a4b4,227.7,170.39999999999998,74.84,1875
152ee17e4c8aaf53dac99f3462e4999b,251.96000000000004,170.26,67.57,1876
968ee78631915a63fef426d6733d7422,220,168.8,76.73,1877
e4ebd3f87bf70440014f07ddda7fbe03,220.5,168.72,76.52,1878
186cdd1b2df32caa72cfb410bba768d3,215.65,168.54,78.15,1879
457fe919b032a3f7dadba6fb92cf7855,199.70000000000002,168.5,84.38,1880
1b45169b635ef59425637e9a33eb5fb3,264.9,168.10000000000002,63.46,1881
33cbbec1e7e1044aaf11d152172c776f,346.94,167.85999999999999,48.38,1882
41b14765bd56c8ad10971074380f9c0c,241.5,167.61,69.4,1883
b76dba6c951ab00dc4edf0a1aa88037e,1478.180000000001,167.20999999999992,11.31,1884
1e9d5a33694bddb76316fd1f54734d20,318,167.06,52.53,1885
e3dd723429d1b23614b7fa85e2c7a853,249.95,167.04000000000002,66.83,1886
92d14edfb62ee5ae7fdff70b0f4e7233,262,166.73000000000002,63.64,1887
e503f22be6a4f456d9851920a5d9c670,198.9,166.46,83.69,1888
c79151301b9d90985d1fa52879213105,283.5,166.06,58.57,1889
c6a7539d424a8402232c2228d7a03c5e,445.5,166.04,37.27,1890
ad8b531ae67582f096925cff5630d0d1,198.95000000000002,165.54000000000002,83.21,1891
d197aa8fbc64087f61984deef05f6227,215.01999999999998,165.16000000000003,76.81,1892
a56e351445e5863fc8960640ba9190c7,184.22,163.96,89,1893
94165aea8a35c3c21499cbcae239b16c,180,163.89,91.05,1894
747c1cdcd1737dcfbd1547f6eb6f2cf3,193.1,163.82999999999998,84.84,1895
9ac4f14370b1e24ddc58be041b7f99df,269.01,163.66000000000003,60.84,1896
4be6b962d83299498bae2190f95d6566,302.09999999999997,163.57999999999998,54.15,1897
173d56ffbd4c56cb80fc3615487d712b,179,163.44,91.31,1898
f307937c1bb287c3efc2a514b94b0d1d,189.99,163.38,85.99,1899
2ee0a0689f2f6a72f35a7cb6033f6e7e,204.2,163.32999999999998,79.99,1900
85044848b1b767db2a4a58526adef4b4,220.70000000000002,163.19,73.94,1901
c42fd8e4d47dfb18ce5222f2dd7752f9,221,163.19,73.84,1901
c113b8df1fc375bc3d73d29c1b1144d1,215,162.69,75.67,1903
422be4cc81a457fdb46f47edeb968ae5,239.9,162.43,67.71,1904
1430239a858e7682bbc43b20758af153,242.90000000000003,162.40000000000003,66.86,1905
c0e6839516f5398edc34adf5f1d53d1a,199,162.1,81.46,1906
ed8cb7b190ceb6067227478e48cf8dde,270.99,161.88000000000002,59.74,1907
42b6488f5b8246d9141712abd4b1b693,189.99,161.71,85.12,1908
39c763cca83e654764b7a4a650fb9b7c,207,161.64,78.09,1909
75745ef7bc7d4f3ea3380f6f5303f514,194.5,161.23,82.89,1910
9dd459b29a14bf89d47183cf2cd0e4c7,180,161.17999999999998,89.54,1911
86bf77bdb52e615674772d5817c6212f,222,161.04000000000002,72.54,1912
88cd3681e0a2ba85e190f7d817629c4c,180,160.64,89.24,1913
5444b12c82f21c923f2639ebc722c1ea,169.9,160.34,94.37,1914
d6cd01c59123df02fc226eadbadb5f89,175,160.04,91.45,1915
9da15f4a4ea758d9eeb49000dbe57e22,196.9,159.19,80.85,1916
09883d9ab71c8fe8a9bfc7fc3075b07e,209.70000000000002,158.55,75.61,1917
b9c0ffa92f3ff9a5a3d45ef7213c0842,180,158.25,87.92,1918
0ec28cec4046a4a199b6de9b4c891d97,196.8,158.04000000000002,80.3,1919
fec6912baad85d41729669edd6b4d3b8,210,158.03,75.25,1920
5f26c1408a65b42a7224cd463bdf3292,247.5,157.51,63.64,1921
6e85dc5ecd97a61094b89b046a509d8e,169.9,157.21,92.53,1922
7b7f91e98f8c6def45a1407923304402,343.68999999999994,157.19000000000003,45.74,1923
6f1a1263039c76e68f40a8e536b1da6a,256.39,155.94,60.82,1924
c6218512d16fcac0af02fe92691cf274,190,155.4,81.79,1925
0fe2d9733ed841eb064503920015a8c0,199.76,154.39999999999998,77.29,1926
3a79f35a2344ede41af21267f61d5ec6,186,154.29,82.95,1927
2059c39f76271d4ca3f15b5ffaccc8b8,231.6,153.63,66.33,1928
8e29d051f810eb22959ede205b462b9f,299.9,153.59999999999997,51.22,1929
b56828a9f9027f3c918c04ca720d9e3c,240,153.54,63.97,1930
2235cf78d3e2073a88146a9cb60f0dd0,178.99,153.22,85.6,1931
48fb026ed7455a42f5d3e9390ed5088e,216.88,153.11,70.6,1932
5c603ffb38cbbf25a0e0698941324143,174.4,153.1,87.79,1933
83c465a786b06574376909b35ef6752a,187.6,152.77999999999997,81.44,1934
3442033154be05bac582e173ef54fd12,161,152.61,94.79,1935
1ca4bdb0cd7fc48e949bac066188ed26,380,152.43,40.11,1936
534a01cc6df1e034e05c32028a291fa2,196.69,151.93,77.24,1937
270d3ef21830ad0ecf3a6c53d08a533a,295,151.85,51.47,1938
b5f49fe968dff6b112861e6cd8e192ef,194.70000000000002,151.73000000000002,77.93,1939
df47da4ae86fa4db890d05aaf24e21d8,192.70000000000002,151.72,78.73,1940
6b15924333bd1a741595fe981ea04822,268.59999999999997,151.60999999999999,56.44,1941
f682e0f848abafc6f41e0d4e868c66ef,169.99,151.55,89.15,1942
55c26bcb609f480eb7868594245febb5,244.8,151.48000000000002,61.88,1943
59cd88080b93f3c18508673122d26169,272.37,150.56,55.28,1944
ace601496e211a664100321f038f50af,165,150.08,90.96,1945
252e76235acb79183cfca6e34f13337d,193.2,149.68,77.47,1946
0bfd0b434243adc5c2e1aa6baf19c6aa,178.70000000000002,149.4,83.6,1947
800214c63934acd05d47e84214db8ba8,199.70000000000002,148.99,74.61,1948
4736e9d642ef4257cd7622516931eb51,375.93000000000006,148.57,39.52,1949
76c47a299e4a8fe992316a85865acbe9,245.96,147.92000000000002,60.14,1950
082e0bf4cb865a6533b1e8e498cc0255,571.2,147.38,25.8,1951
a06c8ff043abea0528ee44171e2140a2,171.60000000000002,147.34000000000003,85.86,1952
9da1ca0bef29ee170e541927a5aeabdc,164.9,147.04000000000002,89.17,1953
2039c5e51785b5dde7cf93ccb3b7be2c,159.9,146.12,91.38,1954
1703bc09972dab9782e7a9194943b69f,249.9,143.69,57.5,1955
cbbd5ae8f53de5f5097cd8217b529e24,175.9,143.64000000000001,81.66,1956
e0482f2c769468c3bbcd8a01e09d98c5,189,143.6,75.98,1957
aae5953b9edddf14749c0d65d60eb4b9,173,143.1,82.72,1958
1d29dfba02015238dfbe2449a5eaa361,202.6,142.66,70.41,1959
a81466620e46a6970b22ef40379fdfc9,160.9,142.20000000000002,88.38,1960
b87a7ea0c30fad2dd6781b74a0064859,206,141.81,68.84,1961
ce3ad9de960102d0677a81f5d0bb7b2d,158,141.79,89.74,1962
fcba71d4d5db057f43249145e4eb1e27,159.9,141.53,88.51,1963
269cff2d3c8d205c11f37a52402ea93b,161.99,141.3,87.23,1964
68ca56ce86830f3d31b1b7ec6a54da3e,179.8,141.25,78.56,1965
32f1bb9dfa65bc7df5c0d9d95a616be4,166.79000000000002,140.82,84.43,1966
913fd0ebba70bb919f7254a02239173c,159.9,140.68,87.98,1967
d7485b33791774c36108f8c69602d48d,244.95000000000002,140.60000000000002,57.4,1968
ebef8d8c92b4fd3226e5d407bbff21ac,159.9,140.5,87.87,1969
3afc536624bc2e65bddfb5db33cc01f3,208,140.2,67.4,1970
d7b2377bae6ace1b11fc69a11900ac36,169.8,140.11,82.51,1971
f435898e493ba0356019a0b1cb8b55b1,202.85000000000002,140.02,69.03,1972
3d5d0dc7073a299e31fa718ce1bc00b6,347.3,139.82999999999998,40.26,1973
851773c885feb5e2da3b4f82bc2b17ce,327.69999999999993,139.78,42.65,1974
4ddeb3e828550cddc8d45c8bc36ab2d1,152,139.55,91.81,1975
c353f8fc0ce8344999f17d578eb69a5e,175.98,139.39,79.21,1976
ed9eef5be0992d413d251fadba1a410d,224.5,139.34,62.07,1977
4ce8b55b4bfa4659184e7becc1fba3f2,199,139.13,69.91,1978
293dee954235e4e4e43f129313625ebe,211.97000000000003,139.04000000000002,65.59,1979
bc39d8938f90a3a2b98193723ed59774,153.4,139.03,90.63,1980
002100f778ceb8431b7a1020ff7ab48f,540.2999999999997,138.31999999999994,25.6,1981
99cd94252748d2bdde08e17858233602,159.8,138.28000000000003,86.53,1982
98e164d549402270247f3c96a1a158ef,162.7,137.98,84.81,1983
fe1bbc5feda5c8979a8a1b3b2512d5a6,159.98,137.64,86.04,1984
41e0fa5761c886a630994a55c12087e7,169.2,137.35999999999999,81.18,1985
4dab98ca6cd6d3df586203cefd28a042,154.9,136.57,88.17,1986
8ca5b19e0263150d2c57afdde2b3d011,180.60000000000002,136.52,75.59,1987
638cba8be1fb599bbb76fd6948351eb3,256.8,136.23999999999995,53.05,1988
51a04a8a6bdcb23deccc82b0b80742cf,167.99,136.06,80.99,1989
bd1d49a326abfa9b1036772e40445430,199.7,136.04999999999998,68.13,1990
37ceb404da208418c9032f0674e57804,204.93,135.75,66.24,1991
213fafb0ca06fb3d5886579c2565791b,154.8,135.46,87.51,1992
2a50b7ee5aebecc6fd0ff9784a4747d6,199.8,135.36,67.75,1993
ae8bfdbf1c2a2a2dee92d799db0a31c6,189.97,135.34,71.24,1994
299c89a525fee36c567f4fe72f038100,189,135.32999999999998,71.6,1995
c3aad7dc65449ae90a5e9c3c6c1e78e0,180,135.31,75.17,1996
39a5005f2605cbdb4f9ac14485cabfd1,252.05999999999997,135.17999999999998,53.63,1997
9aa388272ee334b6ae07bc73706e254a,192,134.96,70.29,1998
49f8d2ea7b718d0ce587d34207caf2b4,149.9,134.54000000000002,89.75,1999
da03c298e3999e9d828591fc2179d109,149.3,134.5,90.09,2000
2bd05d410a8fd26dc4184a15f4f2f588,192.74,133.85,69.45,2001
f12d3c2a14729ae461b920c11fe20fdc,195.45000000000002,133.79999999999998,68.46,2002
bb2afe2061d53c6968aa0cffa233a8ec,157.9,133.64000000000001,84.64,2003
baa49d93c8c8841e27400a300f5d74b2,206.5,133.57999999999998,64.69,2004
f9eda05b67bef472deaddbba84aca289,185,133.21,72.01,2005
dcf3755cefcdc158ad0b7bdde51e871b,179.8,133.16,74.06,2006
b7cc6c5e001441ae8cdd5c69a480cbe4,224,133.08,59.41,2007
e601b04acf48b4576e73ddca9481f0dc,242.15000000000003,132.87,54.87,2008
5f0057b677eb963672bf05dfa3f16c34,161.9,132.71,81.97,2009
9cf787a239c1aa29dbd76f153dc13f9a,158,131.8,83.42,2010
1f7fd2a6fcd5a6fa5d8a4dabc72aaae0,158.4,131.67000000000002,83.12,2011
2d34636518ba88f5349b732fcf8ba2e4,150,131.37,87.58,2012
a45314082d50d578a4721c9787ce09ab,139.9,131.18,93.77,2013
0761743cbffb25d7148189e9f1a5f03a,202.2,131.1,64.84,2014
4867209cb29b56b92893d7bde3ce8012,150,130.85,87.23,2015
f88adb15807168d3c43d71021090ce4a,149.9,130.75,87.22,2016
8fec2e460530482132c436cfb5439925,178.68,130.14000000000001,72.83,2017
fa5fdc4e4bb6bd1009ad0e4ac4096562,161.99,129.13,79.71,2018
dc7192adf8ba09569261f4a8d576afe0,161,129.11,80.19,2019
bf961104a38e01b9062ee026bb657dee,146.39,129.02999999999997,88.14,2020
6e1862e15f33d9994bc25922a85e1efc,178.9,128.64999999999998,71.91,2021
3f9be91358837bff69df67edfa3e42e8,174.9,127.78,73.06,2022
31be790e64fc99f8ff48ec2bd18a3104,174.6,127.74000000000001,73.16,2023
6f83d9e4da896daae20b9b6b2d3ff8d2,166.4,127.36,76.54,2024
fb8904a8ea99f8831b64ce27db2c1765,139,126.82,91.24,2025
4200ddf1967c5e41e48db62bc6d4b5ac,458.2999999999998,126.58999999999995,27.62,2026
33ab10be054370c254ddfcf0a6253422,163.3,126.42000000000002,77.42,2027
37303482a42fb700d8d127e70a9cd6c8,148.89,126.4,84.89,2028
ab27bbbad5239bc31a34709275a70db4,203.4,126,61.95,2029
0570350b23eda5444f8d1d9544932058,169.70000000000002,125.78,74.12,2030
079d295dcbf06ee8bb1b65ba964eb2b6,283.8,125.57999999999998,44.25,2031
6601ee6383e7f452be71929f8de48bbb,153.6,125.25999999999999,81.55,2032
189ca3538ce9f920cacf0f982cbe223b,161,125.15,77.73,2033
f22a247b79dd22ecd91dc8e3b2a1b07c,184.97,125.13999999999999,67.65,2034
f114dca2828bf718548db175ebe2cfcd,139,125.01,89.94,2035
25debeafbce801fdd479539350185eee,184.96,124.78999999999999,67.47,2036
c32fc744b9160ac853450488e3cfea93,149.8,124.77000000000001,83.29,2037
e83e93b71371817b11d78a63ff156aee,198,123.82,62.54,2038
51f108f62cb87d61918159902c8f8583,170.82,123.66999999999999,72.4,2039
4c61e37f664c3c88aff092aa5ac779d7,161.67000000000002,123.6,76.45,2040
113e3a788b935f48aad63e1c41dac1bd,476.64,122.81,25.77,2041
ad87df7699e83b8a91822a4a0b765c3a,180,122.32999999999998,67.96,2042
0f7eea709efdf942b5f95c7516dbacd7,153.67000000000002,122.14,79.48,2043
3d4824f20035949c710eaf111f869d39,168.57999999999998,121.79,72.24,2044
f266295f49a28eee21f413e0cbb0521d,149.8,121.66,81.21,2045
4a82168aaef173cbb6e46ae88728f919,149,121.66,81.65,2045
3f8247d0f772ffa58560e5c682521ad5,139.9,121.35000000000001,86.74,2047
b9ec22de23f18567de0e09d776ca0309,141.99,121.05000000000001,85.25,2048
a2fa0bdc798ee84cdb08281337cf4fb6,257.41,120.96999999999997,47,2049
9dc79dd988ac42f4d56c340d7048420a,129.9,120.83000000000001,93.02,2050
e8ff5a6ceb895583033fc2a0f314e3c2,139.89,120.80999999999999,86.36,2051
d3e7d37c0df9aef383f3f2a15b0dddfb,161,120.66,74.94,2052
7c1fea10b5b006671d608b1d7c446ec4,249.10000000000002,120.02999999999999,48.19,2053
9853a239ab7b7ebbdc3a21248d5b8e1f,163,119.9,73.56,2054
4b98b0428fc1932cc2514ef9ce2505e6,137.88,119.66,86.79,2055
762ed976527cddf02787edba70fffa2a,179.8,119.48000000000002,66.45,2056
eb5b6204dde3a6e03b5f1bb8479f055b,221.87,119.45999999999997,53.84,2057
4ea2f12dbe91deeacd2c1e74f069a6e6,175.3,119.33000000000001,68.07,2058
80f2cf9abf6b5a0e5c612b5eea6646e6,184.82999999999998,119.09,64.43,2059
f664f98bfda2eaf266a23ff144e7a872,119,118.97,99.97,2060
bcc9dd23e2a8bd8267cf92b19304a1b9,145.8,118.53000000000002,81.3,2061
88af55b4a7ca402b27df16f7c7c9b5d2,130,118.48,91.14,2062
bd149ed516d4c5d418d5781f8e18919f,175.9,118.42999999999999,67.33,2063
e5def42655b7490edac5a56fe8e9e603,129.9,118.38000000000001,91.13,2064
7d484ca289afaac6bf5fc6a1e96d2226,183.2,117.98,64.4,2065
c3fe93ba3085f92855c97e57f38c8c05,198.5,117.9,59.4,2066
c87abc38c8ed3240861729e1aeadf221,133,117.32,88.21,2067
85cc55e048b6bcc90c75afe7f0e72f72,214.09000000000003,117.05000000000001,54.67,2068
59bbc819b99a733f02f0d6b49d1c253d,139.8,116.85000000000001,83.58,2069
2c3d56f92f360fb89d849b84e8f50eae,164,116.79,71.21,2070
0d33a55da925bbf1ff02af5f6059fc7f,340.59999999999997,116.64999999999998,34.25,2071
dc120d932ddf9d4dfb6fd68beefda622,130,115.56,88.89,2072
58c851d1a3c7cd3da329eb59453fed44,129.99,115.44000000000001,88.81,2073
579891617139df7d8671d373f0669622,212.5,115.19,54.21,2074
69a43819c758c65a5befb0b471c954d7,199.9,114.44000000000001,57.25,2075
f9a02f1922d1de564392e656d82b3fda,125.9,114.41000000000001,90.87,2076
2e7ea2aafec5835e781b21d6d1faf1f1,134,113.5,84.7,2077
debe6615cd90cc0c2eac2b8988e1f628,155.70000000000002,113.11000000000001,72.65,2078
2f3d8b4c9e2ee165075331fea3f3095a,130,112.65,86.65,2079
b9de031b671cd48b28fae9d828cbf2b4,155.32,111.94999999999999,72.08,2080
112453736dbe3889cfb74e1aaa0ba0c1,135,111.25,82.41,2081
5a9c0859cb00fd8aa4db443837f0a700,139,111.08,79.91,2082
43402bdf22aa2310e8f99e2f94f78628,179.98,110.99999999999999,61.67,2083
a3b0df0065e264a91b7bbf5f844af5cd,127.48,110.67,86.81,2084
4d6fb82c629c7a5028bfd973c07b05e0,139,109.84,79.02,2085
778323240ce2830d68aab11794e00bfb,139.99,109.82,78.45,2086
f7df46c1e0ec44eed5c6726478da4a17,129.9,109.75,84.49,2087
062c325cd6a2b87845fab56b4ec2eeae,133.22,109.36,82.09,2088
6ee85be3693ed79a8e80718743d80655,183,108.89999999999999,59.51,2089
2f4b0d3b9634b647d4edee577d7ebb7e,139.6,108.87,77.99,2090
8ccf3cf69651cc1d8a02c8bfaf3b8568,125,107.69,86.15,2091
1d1bbb8ac1581824986f582583fff01d,166.88000000000002,107.28999999999999,64.29,2092
0ddefe3c7a032b91f4e25b9c3a08fca1,207.3,106.84,51.54,2093
21d59342ba150175ca2aa4f8faddeca6,159.9,106.43,66.56,2094
c092292535a57dacd95a8765f5518f87,125,106.02,84.82,2095
0daf5180aa44356f60f8effa533b55a2,144.8,105.97,73.18,2096
03bd479e1d9484cdb14104d3023f7321,119.9,105.72,88.17,2097
918717417d88a9f9ae9735567e6c7682,129.9,105.52000000000001,81.23,2098
fa8d335d68129e464e60c1826a683e96,139.9,105.12,75.14,2099
98dddbc4601dd4443ca174359b237166,158,104.33000000000001,66.03,2100
07a9bc7f61396b658ddf3ac534efe44c,119.9,104.31,87,2101
78813699ffac347fe27dba345a5f1551,152.42,104.29999999999998,68.43,2102
6c6e3d67f969468f3bfd33f827a31222,160,104.05,65.03,2103
929f342384a6607afe143d789ade1316,133,103.66,77.94,2104
bd4431c1a8dfa744b59e1e2a8bc99b9e,244.8,103.41000000000001,42.24,2105
9d489893ff6af05029671b785f54b998,158.9,103.28,65,2106
ea3ebea5317b0efbc663ecc8ce5e9bc2,143.8,103.21000000000001,71.77,2107
e88f7a2995ba184710d339c5c4bf2e30,125.8,103.21,82.04,2108
87f3e35268860433e13d577825aada95,129.8,103.12,79.45,2109
f92d8c817434bd2d84d4e9c61322b7fa,144.94,102.99,71.06,2110
a353b1083c9863d756d9404695016d64,120,102.91,85.76,2111
ea00f977a203ff88adf7057cb7806998,221.80000000000004,102.85000000000001,46.37,2112
19e0f40a907ec568c34bfac15de4f4a1,133.5,102.84,77.03,2113
9261d76c62caaf0b24677c2ceb7f8f20,124.98,102.80000000000001,82.25,2114
a4e634166243bbb3a13fa584463fa468,139.65,102.74000000000001,73.57,2115
71dc18fd8cbf5fd77f45dd8b427abb34,120,102.72,85.6,2116
d9cb0052a666de5308b32f32ad5f1b1c,132.6,101.78,76.76,2117
570d4583587a5fe2d47c7be89b91ad27,125.25,101.57999999999998,81.1,2118
71593c7413973a1e160057b80d4958f6,119.8,101.46,84.69,2119
5e9f5bd34e0830569f05c9d4f56e04a8,119.99,101.05,84.22,2120
6d2f2e3b539480db1e0842b3a4e32e6e,210.96,100.64999999999999,47.71,2121
003554e2dce176b5555353e4f3555ac8,120,100.62,83.85,2122
bba8d0c234a52b87b3957037a215d1a4,120,100.47,83.72,2123
89de2d6f23e9746ff309705b23581faa,180,100.17,55.65,2124
934ed5cd1b9c1c7382d0a94a94b9e639,125.85,99.22999999999999,78.85,2125
c8143b3069f6746a77421b5ce30a450c,142.47,99.06,69.53,2126
26b482dccfa29bd2e40703ba45523702,129.98,98.85999999999999,76.06,2127
b7e1750c1157341d2abd0251e07c186b,159.6,98.63999999999999,61.8,2128
1c56ffe0e9dea2657fc6e95b53f40b13,183,98.60999999999999,53.89,2129
cb32766839f443db85c82a43c4a6c19e,115,98.49,85.64,2130
c70a353f02429c00775a46a75fb787da,158.6,98.25,61.95,2131
ccada0ef508e698917a6eab263375905,142.9,97.82000000000001,68.45,2132
830379336fad8c6f3b15a4a3ddb5c66e,268,97.62,36.43,2133
d8cf3b6a2151949f930d0252b180ec42,143.7,97.52,67.86,2134
8a8835a43bda99fd37310ad76c457510,116.36,97.44,83.74,2135
ec8463980a4e0ea9f8517aea1ed0c419,179.4,97.26000000000002,54.21,2136
562f8cfc51f265411f487d07e9c40e7f,147.72,97.24000000000001,65.83,2137
b01c2b7b8599b325103ebcddc67413e1,169.45000000000002,96.78,57.11,2138
6c1b6d0c604b776f844125f911eb7377,132.76,96.5,72.69,2139
a0e19590a0923cdd0614ea9427713ced,221.4,96.36,43.52,2140
78ba5933c21686d1c2f64669c8c459e7,105.9,96.34,90.97,2141
0cab2da43793a6f3c5ed8514c5f54627,119.9,96.26,80.28,2142
3d2400ac620cffa23ac81bd192f7f555,105,96.1,91.52,2143
bd0a1b0aadca9a83d9304f7e8ff5fbd5,150.6,96.00999999999999,63.75,2144
dd39ad39b5d3df33037e141c72497ba6,110.9,95.95,86.52,2145
3076499bbc033a927bf4a8a41bcf7fd4,126.64000000000001,95.63000000000001,75.51,2146
bd15ee794d5e640d9dd71b665b2ab15b,243.20000000000002,95.43999999999998,39.24,2147
9fe7c6641c79970ab48185498f547c09,130,95.28999999999999,73.3,2148
2075d8cd4dd63ff12df0749a5866bb06,124.80000000000001,94.64,75.83,2149
2bf28e311bba65237358230cabac3f15,225,94.31,41.92,2150
f543ba3c973276f519d89d59bd46cead,258,93.96,36.42,2151
35fb511489d9ee3ee27a76debce9df06,160.5,93.47,58.24,2152
2009a095de2a2a41626f6c6d7722678d,169.59,92.83000000000001,54.74,2153
28d162ab86bb49d719c32f0ee6186eaa,109.99,92.78,84.35,2154
327b89b872c14d1c0be7235ef4871685,114,92.75,81.36,2155
7bb8fac2913a6064ec412e583c6d8b4d,109,92.48,84.84,2156
c0f783394e37cd9c9d7f5f81141450fa,149.6,92.44999999999999,61.8,2157
391bbd13b6452244774beff1824006ed,127.8,92.4,72.3,2158
b8a0adc91af209270c2c725168eb00fd,166.6,92.28,55.39,2159
353e21e8bf8de2722b4fae1636664b76,130,92.28,70.98,2159
7c4402417d51474d4d0cda9557340e40,119.9,92.21000000000001,76.91,2161
e83c76265fc54bf41eac728805e4da77,167.4,91.79999999999998,54.84,2162
271b8923c6a549e02d3c9fd1f8c0422b,105.19,91.78999999999999,87.26,2163
5075aaa8404020ae6aa8bf4792099b41,163.47,91.51,55.98,2164
578fa3a9cb6b6dceab39231ad59cdaca,120,90.51,75.43,2165
b76a1f8356322f12529c37b67d5c96c2,123.69999999999999,90.39,73.07,2166
e1643dff33666ca629e3644c02738179,104,90.37,86.89,2167
98115075dd26cb8835946fc6086f5d30,98.99,89.94,90.86,2168
3d01d1c414c44b5943a09619ff3853cb,99,89.88,90.79,2169
809413606dbfe5deefd2db646693ef67,125.16,89.57,71.56,2170
4049512728d969bec69f84088b012416,185.48,89.56,48.29,2171
0e72c1a751b496722a6cb1f10653b62a,140.8,89.5,63.57,2172
fc6295add6f51a0936407ead70c1001d,160,89.48,55.92,2173
a154d7316f158bb42e6fa18bbe3afd3a,139.8,89.47000000000001,64,2174
615005a3ef192c00c6f0e977cee3d2bc,206.6,89.43,43.29,2175
e3e290b38963293022cdcd6db8328103,135.7,89.36,65.85,2176
7c4618c82226628831613e95e9c22f44,161.68,89.36,55.27,2176
392353362d22cc2c236e1ee81ff19890,238.76,89.26999999999998,37.39,2178
9d5604a1f112324ad6b2aa552122e0fb,286.5,88.31999999999998,30.83,2179
cf1313c6e2c01c2f4b014f97db4bcd2b,128.9,87.92000000000002,68.21,2180
657969cca82e884d272385ec0ef06edd,139.70000000000002,87.84,62.88,2181
c9e5ad1f6647f5dbd1172adf6ae3cada,113.14999999999999,87.80999999999999,77.6,2182
c8cc60ffd415254af5d9b9f34f32c369,178.9,87.63000000000001,48.98,2183
8060d731897e33b5c5ae575ce1e209e1,159.6,86.52999999999999,54.22,2184
6da1992f915d77be95d7fa48b36904af,174,86.02000000000001,49.44,2185
6c99c983ce3b6ba0ab813e6790e81691,210.98000000000002,85.70000000000002,40.62,2186
f356c348fbc8df6a882823e21f5ce8b7,97.59,85.60000000000001,87.71,2187
b416191c9813d821a295cfabafff4161,117.8,85.46,72.55,2188
2cb4700db635baa1c0d4f90ed27b6669,99.9,85.44,85.53,2189
ab9db4cf53b08b828b64dccaafc2d9f0,151.87,85.30000000000001,56.17,2190
38102b031c2a15e54623d711bfc753d3,322,85.13,26.44,2191
4e0d109ccfba9a1151c103049880c857,99.35,84.89999999999999,85.46,2192
57d2ba47f7a3209aa347532ae75c1165,129,84.88,65.8,2193
50770d25768b0486d89be26afca3108f,148.87,84.63,56.85,2194
485452467ff670447e84a8370c3fc898,109.9,84.29,76.7,2195
13dd308f81fea30cc670c656b2b46cc3,117.69999999999999,84.25999999999999,71.59,2196
6f835fd4be26989b1b064399da346143,99.9,84.10000000000001,84.18,2197
9fc70243fb26800cba56e8f014797004,113.9,84.01,73.76,2198
d8dd176509baa37f359644d082bf7f7b,99,83.55,84.39,2199
aa8af66c623d7d544dfe4bb85b5ebe3b,99,83.43,84.27,2200
d26aa40b90272d4843d63be7c1462c8d,99.9,83.01,83.09,2201
26562f211dd1364af2a8596dc945e8ae,99,82.89,83.73,2202
4be9ae93c4fc0f41713d71a4194ee1b3,109.9,82.83000000000001,75.37,2203
3fadb4cba4c35bce6a7eaf9872d5623a,125.69999999999999,82.63999999999999,65.74,2204
f5403d3f50089112c4eed37928b7f622,93.9,82.63000000000001,88,2205
0af977692321d895349eded183341d28,92,82.61,89.79,2206
08061dc0fc165ed41288cc7acde738ee,115.9,82.32000000000001,71.03,2207
270572bb714b00531be85e16e1550f26,96.99,82.22,84.77,2208
ea846a0e7ad98a741783e886d89dfa44,137,81.74000000000001,59.66,2209
aa1eb17b9fdf6dfd546e25c45c7b9235,117.99,81.72,69.26,2210
52b53f7061969fe471d119b6195da864,90,81.63,90.7,2211
4d9fea3499bdc22aa4da4e339365f215,96,81.58,84.98,2212
3985a3c45be355a4c57fde108bfabd1c,159.6,81.46999999999998,51.05,2213
22a23e5ac7061fc538cc2a019afaaf16,95,80.58,84.82,2214
5305693ffae2d3463377b1f6fe67b15a,93.56,80.57000000000001,86.12,2215
fadb07c842a2aef5d5a676b85f220e71,151.88,80.51999999999998,53.02,2216
0692610d8abe24f287e9fae90ea0bbee,95.5,80.31,84.09,2217
a4fc6eadaff1576af888509a53420f6a,100.86,80.1,79.42,2218
2d20f1cd18725c91147da0791d498022,99.8,79.91,80.07,2219
c26ba52cf8d2f34915f2f6b7ffa0a3f3,125.96,79.27,62.93,2220
08ad4ac1388e4420ca531c3edfc46198,150.85999999999999,79.21999999999998,52.51,2221
40ec8ab6cdafbcc4f544da38c67da39a,117.8,78.6,66.72,2222
f5b44895715ddfe3087dc414f30268f3,190,78.49,41.31,2223
acf974e4d5950ad143a247471b831eb9,358.6,78.46000000000001,21.88,2224
0743a0239d764b9a0f959a57d07e36ab,89.99,78.33999999999999,87.05,2225
508808d438fe2ff972ed13bb8f4a82e2,157.87,77.84,49.31,2226
50bf89f1349bc0409a268c3a49678009,179.9,77.33000000000001,42.98,2227
7a073a40a9d3f1fee8bc45670ea1e909,95,77.22,81.28,2228
89d9a386b0b6e5fc8403071b03f7206a,133.6,77.19999999999999,57.78,2229
f419677537694f0462a91990df6ca44f,113.75,76.91,67.61,2230
2ea0861cc19e94cad86438c984c52da4,106.69999999999999,76.50999999999999,71.71,2231
4a82c4af97ffc0fb2dc26bfdc03b1842,143.70000000000002,76.5,53.24,2232
e5d4b2b0c3bca22085f7a19a28de0c42,107.9,75.82,70.27,2233
e21a1e8be4715b0fcfd5385643bc49c4,259,75.80999999999999,29.27,2234
bd4ff04377f974574f7f0bf9d6ce7dde,114.97,75.78999999999999,65.92,2235
c458e2045a8aa8964f8879af03fdcce6,199.95000000000002,75.75000000000001,37.88,2236
2c43fb513632d29b3b58df74816f1b06,94.2,75.44,80.08,2237
d94ba08b99bedd6a5f6c875ecc4a6fac,119.8,75.24,62.8,2238
630008e0f062605a415d694489f6f82e,105.15,74.8,71.14,2239
da2782c804606d2a5d8e1760dbb3e7ec,89,74.63,83.85,2240
4aba6a02a788d3ec81c03137144d9a80,89.9,74.52000000000001,82.89,2241
e627629ba868740e287800f1a9be81c2,115.5,74.17999999999999,64.23,2242
fe1b067411b8c5066e962aa146ccee03,92.99,74.14999999999999,79.74,2243
44ed138eca6214d572ce1d813fb0049b,129.79,73.78,56.85,2244
80cfd480be3eb6d6267139f5cb793555,99.9,73.46000000000001,73.53,2245
9dd59e43f0c9f0553244e8f9c2fb247e,135.5,73.37,54.15,2246
fe8055980a4ff7f64ed889c2b5926929,106.80000000000001,72.84,68.2,2247
28405831a29823802aa22c084cfd0649,105,72.83,69.36,2248
77714512e8d4dda9c234da8e3faf16e4,120.69999999999999,72.72,60.25,2249
7d948535954aaf8c5d39db007f74372e,96,72.08,75.08,2250
6624bc09786f0e41ae48dfc5eeb1a9e2,89.54,72.07000000000001,80.49,2251
6b2612338467c08c9b25f0cc55b1578d,92.9,71.93,77.43,2252
9e7c5f4d7770eab65738cca38f9efccf,84.9,71.65,84.39,2253
ef728fa1f17436c91ed1ccd03dcf9631,116.80000000000001,71.47,61.19,2254
dd8a29ce82d5c705ba932d81494600a5,80.75,71.37,88.38,2255
a72f15980dc3e9bfd1a49ac9b2f3af65,89.9,71.17,79.17,2256
b44dbfbf62e52125f3c15d230569ea91,107.18,71.05000000000001,66.29,2257
b5b800c4065bebf4d3442311c9857344,79.9,70.99000000000001,88.85,2258
1352e06ae67b410cdae0b2a22361167b,89,70.95,79.72,2259
dadc51ef321949ec9a3ab25cd902e23d,85,70.66,83.13,2260
d594982fd877af63ace38ea1fca27c76,135.47,70.56,52.09,2261
b67d6c666e8dce1d078c882825e12704,104.6,70.4,67.3,2262
eaaa46e98c9e61f6764dd1d7a2ab8b3e,98,70.36,71.8,2263
4f0d637c1197fd65405ebd755ac9f86b,89.9,70.30000000000001,78.2,2264
d5c530f4884a75ae0dba9c148718d278,167.53,70.22000000000003,41.91,2265
154bdf805377afea75a3bd158e9eab10,89.9,70.08000000000001,77.95,2266
8fbe2ee446b97e128471be4ce983dc0d,89.9,70.08000000000001,77.95,2266
e603cf3fec55f8697c9059638d6c8eb5,216,70.02,32.42,2268
9c3c24eca51c52b91c1de727d2a2ae06,108.9,69.88,64.17,2269
e88c9b79e592e370d6bd852eeefbf057,179.98000000000002,69.83,38.8,2270
2f4b9d112bfa44a214bc6cef085d17c8,155.7,69.41999999999999,44.59,2271
6ba4733aa33f6386e9fb0c0fd3993b38,114.89,69.23,60.26,2272
1cbd50a8c52e6cf8e315c5709fab386f,107.80000000000001,68.94,63.95,2273
8b11118053756a9a2932f447e11fc1b5,79.99,68.82,86.04,2274
fc99f99385ae90f66f01733856fb88c9,89.9,68.78,76.51,2275
761681a821d8275bc79f552116d06869,151.24,68.51,45.3,2276
2d2322d842118867781fc737e96d59a1,139.5,68.44,49.06,2277
9c54608f0996c32ae4743089d915f845,154.9,68.41,44.16,2278
9539213aa8e023c01937bef95dc006da,109.6,68.21,62.24,2279
f626e15b7314c267e4429010866f70e9,193.55,68.07999999999998,35.17,2280
c398bc00a606d33758afd91f4e64fd15,75,67.45,89.93,2281
3febca52652e7209509ccfe61cbde40e,84,67.1,79.88,2282
20fd2d2080ed85fa67fad3fcbb2c1813,85.9,66.33000000000001,77.22,2283
65c255b299faf2d12050937cc219c46c,88.2,66.32,75.19,2284
b5dd7151a92ccaaa282cbe9681a05f44,85,66.3,78,2285
da20530872245d6cd9d2f5725613c430,94,65.96000000000001,70.17,2286
18e694e0e48ed6f7aa3f24aade5fd697,327.69999999999993,65.92999999999998,20.12,2287
9591fc341b1bfb7ef561e2968ec6e011,79.9,65.59,82.09,2288
404e1ba01358af4cd63f679b2c4d1fa1,94.9,65.53,69.05,2289
c8665a4dd081a2c436b1cd921079d0d9,79.39,65.25,82.19,2290
bcf5566870987da7bc811fbc8c5b9fd9,96,64.88,67.58,2291
babcc0ab201e4c60188427cae51a5b8b,79,64.87,82.11,2292
89757206b887aed36f3e18d858460fea,120.5,64.86,53.83,2293
6902157ee16728322d61a1321fa79e58,79.9,64.59,80.84,2294
c0f3eea2e14555b6faeea3dd58c1b1c3,79.99,64.33,80.42,2295
3d700782d7818f2c1e0d7a9e9d75fc00,149.7,64.28999999999999,42.95,2296
f1ce5fdecd64935c28b9ff932751d0dc,79,64.28,81.37,2297
70125af26c2d6d4ef401a1d02ae7701f,115.6,64.25999999999999,55.59,2298
ba8e85df286308fe68a2ce83a8f8b2d6,80.9,64.14,79.28,2299
7d7d2b7a51328016102d4528c411d630,102.8,64.14,62.39,2299
2aafae69bf4c41fbd94053d9413e87ee,94,64.13,68.22,2301
c542f5a8c64d973f30e9df8d06f70b4a,81,63.69,78.63,2302
533d46c1b06970e99f09523a61df4972,79.99,63.669999999999995,79.6,2303
4bde6149c15cf7e177b36fa060dd6de8,79.9,63.57000000000001,79.56,2304
ce616e1913288884e7742faac9d981db,153.4,63.54,41.42,2305
96e5dc09087bad639b4ee193104ec2e5,79,63.53,80.42,2306
9d39404483343dd55c7ae254494d8388,139.5,63.49999999999999,45.52,2307
6a53b90c3ad9e0b56d9fe5c69165fff5,99.8,63.339999999999996,63.47,2308
48bad451945f5227341793478d6353ea,75,63.08,84.11,2309
1a8e2d9c38b84a9702ac7922924b0573,80,63,78.75,2310
b05b432bf68945d4d9783f9e3ca29ee8,74.9,62.88000000000001,83.95,2311
2ec6e37d992a95eaddb3369dcbcc76d9,79.9,62.77000000000001,78.56,2312
ca5832c6960267b71041f74bb39e8b12,79.9,62.09,77.71,2313
3dfd3dc96f7f8598eca74e9ac8a2fa31,93,62.07,66.74,2314
28c7d8743fbc8679f484868cc0fcaefb,80.5,62.06,77.09,2315
f3511c85f59f8dec53d140501ee8e7a8,69.9,61.790000000000006,88.4,2316
478bfe564db21eeb44386606aa30b650,92.80000000000001,61.77,66.56,2317
d3891911c2feae53c52fea2bd14054e5,69,61.61,89.29,2318
dcb7367a92f5ffb89f1e2152ed260285,79.9,61.46000000000001,76.92,2319
cd233f8bfa30ebfd651f47ee7d054951,79.9,61.24000000000001,76.65,2320
1927cdb9fa74f5270097f6250e8e8f34,120,61.08,50.9,2321
f8d5c7085db9a4ad2b8c1ffbeb2798c8,116,60.71,52.34,2322
53088c75f948b48a7ece173ac17f0c12,75.9,60.27,79.41,2323
3d49bfdd1b43a7fe169b3740067acc61,80,60.25,75.31,2324
a89e143d5211473ae18db9577ee34b64,70,60.06,85.8,2325
2d9e8987a2ea5cf88dce330249043ff1,119.9,59.980000000000004,50.03,2326
08084d990eb3f53af056ccbc1730c8a7,212.2,59.77,28.17,2327
8c9348f33ae3dada25c99c99ade2af78,82.99,59.61,71.83,2328
b64d51f0435e884e8de603b1655155ae,220.66000000000003,59.32999999999997,26.89,2329
876182d1918783bbe15233febfbd4926,85.29,59.28,69.5,2330
204b4e07bddef3c9b317f70189135b22,73.4,58.67,79.93,2331
d4d99b60c4c94cd35acd502cec65dc8d,72.9,58.510000000000005,80.26,2332
5def4c3732941a971cba8fdee992ede1,98.4,57.82,58.76,2333
94b9108d4b637ba65bb4f1e53cfcf8d8,128.68,57.73,44.86,2334
f0ec6a2adb05c62655a26dd347b8dede,72,57.22,79.47,2335
8132b9bd16876e1b0f8808d43825dd48,77.9,56.900000000000006,73.04,2336
0f519b0d2e5eb2227c93dd25038bfc01,79.9,56.900000000000006,71.21,2336
fedf2c1386e137f296b3bbf3b635e69d,105.84,56.88,53.74,2338
63ffcb71394dd8ea3872ed9ffda17c74,125,56.68,45.34,2339
10264f60a8f0a4d2f30810f5c661c673,74.9,56.28,75.14,2340
de66a66f2dd06bb9ec37aa96987466a3,84.88,56.25,66.27,2341
94ca168e8bcb407ab85c5da308863027,86.4,56.12,64.95,2342
52a50b42accf164f9f019941e5759d9b,99.97,55.85,55.87,2343
5741dc2bf5044c34d0698681c5081bed,89.69999999999999,55.64999999999999,62.04,2344
7adbd3210a7b3cc2235e225eef33574d,105.4,55.43000000000001,52.59,2345
4c60877808f4318ef1107fbeb8f89afa,70,54.97,78.53,2346
9b1050e85becf3ae99c1cf4934c9bc5d,85.14,54.94,64.53,2347
90b36c5aeb728d5504a39f435bef0c5f,135.9,54.69,40.24,2348
14f2b3587172b9db894c9bad8dab520b,122,54.620000000000005,44.77,2349
b5d034ac251546e25afe9067f05c1539,69.9,54.53000000000001,78.01,2350
c5ebe6598748b0aeaa61cfb820478b92,74.5,54.510000000000005,73.17,2351
0ade5cc4a305ed7093a23f68ca47519c,79.89,54.49,68.21,2352
8bd0e3abda539b9479c4b44a691be1ec,120.46000000000001,54.31999999999999,45.09,2353
1b0b0f4f95e962d6f32fe90c759d0479,69.9,54.31,77.7,2354
10cdd491d1dbea8fb4ead97b19c334ce,118.9,54.01,45.42,2355
d4e4b5192cba4e0e66eb12a9d347239d,172.3,53.889999999999986,31.28,2356
8cb7c5ddf41f4d506eba76e9a4702a25,69,53.51,77.55,2357
693660429f9dc4ff704eb3d88dad54d7,62,53.41,86.15,2358
0a198e95d32b1be2da9424c962a6ebfa,69.99,53.309999999999995,76.17,2359
c747d5b92c7648417faea95d36d763e8,139,53.25,38.31,2360
9e94fa26a70ede4d26226e918e8706a2,62.8,52.86,84.17,2361
20611af7866c6068fd5ae1f9dbe15c92,109.9,52.650000000000006,47.91,2362
6235903333ba7de1928c869e268e5964,94.06,52.64,55.96,2363
e819bcfade7b5d88a27325eb6cfd62c5,149.20000000000002,52.599999999999994,35.25,2364
3d621842b2ed28e2b474132480edac3c,104.94999999999999,52.410000000000004,49.94,2365
63704069d9bd3a75c1cf59babe56004a,59.3,51.91,87.54,2366
52831e5990d0771cb4951d6f12928167,65,51.88,79.82,2367
bff9deb0ec77d437f3305a79cf25529e,95.97,51.84,54.02,2368
0b64bcdb0784abc139af04077d49a20e,101.69999999999999,51.839999999999996,50.97,2369
a2b911e9ad40dc7d61c142a4683e2d85,85.9,51.50000000000001,59.95,2370
9ac75591b69c3402684b6ce0310f22ee,60.5,51.33,84.84,2371
3e46a38ee171c503c3b4a3f23fe3bf0c,59.9,50.79,84.79,2372
46ef1a25845fc051c2998d878354810c,68.5,50.769999999999996,74.12,2373
818d28f936e791926d33bcb6ee94ef79,111.6,50.449999999999996,45.21,2374
e9c2dc0dd4ac38448289be644ac94f42,69.9,50.220000000000006,71.85,2375
b127efdabeffb5d559349c7b172eb75d,90,50.18,55.76,2376
70126eecc6aa1274392a1743866e9678,97.39999999999999,50.059999999999995,51.4,2377
1cbcd2ee0afb3fc09963b87eb65e7e4f,90,49.349999999999994,54.83,2378
0747d5bb69f0586cc869d8af4c50f93e,169.20000000000002,49.25999999999999,29.11,2379
ad738d3fcf42655ed15c4960b7b6c601,65,49.11,75.55,2380
e82de6494d91d3c4c54450f59b227a94,76,49.05,64.54,2381
3903c788ded8dc03b5ebab37a2f3e9a1,83.99,49.019999999999996,58.36,2382
8f0fbe2cd4d472157dc1cdef6edecaa9,71.88,49,68.17,2383
0ee4fb99ac55ffbbc98795aa01b7f8fa,59.9,48.87,81.59,2384
e3e15e2c0b9700561efac21c6be48066,73.49,48.620000000000005,66.16,2385
4c1c7281388a33dd06daac44f9fadbd1,67.88,48.42999999999999,71.35,2386
788f22bafdd7ab0e1e79f19db72f16a4,55.9,48.25,86.31,2387
6a3139c7bf09ece22a4713d956acbe5e,61.9,47.16,76.19,2388
d297f1055de2956aedfd3b04113dce3e,54.3,46.66,85.93,2389
a3082f442524a1be452e3189e003b361,59.9,46.46,77.56,2390
2f1e7b90e01d9f086cbcb301c0c3d406,59,46.34,78.54,2391
c240c4061717ac1806ae6ee72be3533b,59.9,45.91,76.64,2392
8dd386be0767c330276ea6a3f96532d3,89.98,45.480000000000004,50.54,2393
f7c31656c19db6275a8acadca289f426,61.56,45.370000000000005,73.7,2394
5bc237df65098fe211bb4818f4d26d78,59.9,45.31,75.64,2395
ba89796db68db180bd389de96b2ff3b6,59.9,45.17,75.41,2396
5f57db27027655e6c6a391601daa0258,98,44.96,45.88,2397
269c5fc9fcadee614364c3620c30a1f9,59.8,44.86,75.02,2398
3bb32fedaa74e4ad20f4ce067733bd31,103.69999999999999,44.83999999999999,43.24,2399
ac51cac5e20d69ff485a54746488ef48,59.9,44.73,74.67,2400
8eb88b0acb3f90a717ad659221471fa7,59.9,44.73,74.67,2400
20cb7c2fde3e5bf10f0bbe7394e1c6a9,422.49999999999983,44.65999999999998,10.57,2402
2a7c6c0b0d5efde2bf75ec1e1cec2d41,59.8,44.629999999999995,74.63,2403
be1e9e378700cecaa4ebf71433d7915c,69.9,44.13000000000001,63.13,2404
2e0dba2da448400b1c11d7b4b22f32a4,186.29000000000002,44.08,23.66,2405
461ff5303b6c9c1a4a07f40c5aece516,102.69999999999999,43.97,42.81,2406
76623fde66e6b63b59440fd34160512d,59.4,43.839999999999996,73.8,2407
75fdd0a732287f9497b179f6bd445d32,59.9,43.72,72.99,2408
0af2ab31141893d26aca5a404a537dab,59,43.49,73.71,2409
0e44d110fa6a54e121cb2c095a77762f,72.36,43.39,59.96,2410
723a46b89fd5c3ed78ccdf039e33ac63,66.64,43.24,64.89,2411
44717f64ec2a457979cf83c429077666,107,43.08999999999999,40.27,2412
c85d7b477a709c85a1e8b8f25aa1b270,75,42.78,57.04,2413
7c462184585ae80bd6e5774c62ce50f2,60,42.36,70.6,2414
74a9b9bddf14ece02beb81f52c41a88d,60,42.3,70.5,2415
c5e60e39c0f42b8e827daa13cff74afa,82.6,42.239999999999995,51.14,2416
a806a4bb063ea7ca6d374eafa50a6058,74.8,42.19,56.4,2417
9ed65337433adfbedefd23dd76eaa494,50.4,42.11,83.55,2418
c990d6cf976a5718aaedc539f383ab88,145.3,41.980000000000004,28.89,2419
184a67a8f9f63234d3a92340bbdb727f,216.39000000000001,41.629999999999995,19.24,2420
910a922b426b7ff95eaee129ad6c0e1f,59.9,41.599999999999994,69.45,2421
717b78b0950b51ed00b1471d858b0edc,89.69999999999999,41.58,46.35,2422
1d503743d2526f03f0c2c89540ee008c,132.94,41.459999999999994,31.19,2423
d63f306de130e0391d38a792541723b8,49,41.4,84.49,2424
4d8809767a5bafe22909c77951fb6b41,50,41.28,82.56,2425
7c9130f5f3729edd32aa059141d92484,94.5,41.15,43.54,2426
b81e3a6c866a764974fe849821abeebd,73.58,41.019999999999996,55.75,2427
f35becee938e982bd615edf8ef12bcfb,81.8,40.91,50.01,2428
c7c7b2682c648339a0e9846bb1023a39,56,40.86,72.96,2429
ca7c6bd577e559472af1c699de9e764e,74,40.84,55.19,2430
b88e7c57cb2d8b973b7dd4a2bfa14b36,74.9,40.839999999999996,54.53,2431
08d0949a9a17c027262db1f3c450c26c,181.3,40.53999999999999,22.36,2432
63272377184e969942f7fff221be858d,79.8,40.309999999999995,50.51,2433
8c351ed7c326c62123318f4f3246e906,59.9,40.29,67.26,2434
5236605f4d4b0b3e4df85b850393fca0,79.2,40.160000000000004,50.71,2435
324583d68897f5ddbaf38f6248322176,84,40.01,47.63,2436
6861de0f40cacb0602e473c51639f980,150,39.86000000000001,26.57,2437
cf281cf8b7affbdfe751b29cc85580e1,64.9,39.57000000000001,60.97,2438
cecd97bc34ed8330bd4cd15713eda670,57.99,39.480000000000004,68.08,2439
26d6bbee02420494d471c9f6436929c0,137.17000000000002,39.45,28.76,2440
720e6cf846ea7572cbb66b743fb91e6c,54,39.45,73.06,2440
782f78b632a43875dd5b53e3e49c9564,48.67,39.33,80.81,2442
d2df77822373f19934e87694d8640767,56.9,38.62,67.87,2443
31eec405c9bb71dec8e2629a92e764fa,56.9,38.4,67.49,2444
baf15155e37ef5492731459bdc05be8a,47,38.28,81.45,2445
89bc797e2e29667aa035d4368f9b7f92,203.00000000000003,38.24999999999999,18.84,2446
c7246702dc991a06d788120dc7544391,54.86,37.2,67.81,2447
fc5a0d7a310a7a41abf86a458585ff2b,44.9,36.61,81.54,2448
8a40ae794fa3f9892cee24bd5af0488b,99.98,36.45,36.46,2449
417a1e6c7321084d2a0ae0d023cfad93,48.9,36.42,74.48,2450
4fe2f67634d00c021aa01f96b6f2d68e,54.9,36.42,66.34,2450
fd312b6bf05efac6c3772d5b52205d8a,59.8,36.099999999999994,60.37,2452
0b3f27369a4d8df98f7eb91077e438ac,47.84,35.99,75.23,2453
61f159ef6da2d441951d2c0efa719362,59.99,35.910000000000004,59.86,2454
7d7866a99a8656a42c7ff6352a433410,69.9,35.89,51.34,2455
085f6f7e049c996695fb2074fe38d45e,134.6,35.699999999999996,26.52,2456
939f6e231201f26803cb5c3a3d2940b3,130.6,35.57999999999999,27.24,2457
58e4b302b54937e55a678c4d15111da4,49.9,35.379999999999995,70.9,2458
8e34331b7eedd03be4e5d965c1956225,70,35.22,50.31,2459
d1a1b40ec554c593a1a99366746289dd,49.7,35.18000000000001,70.78,2460
00d8b143d12632bad99c0ad66ad52825,86,34.9,40.58,2461
4c4d546adf3c3868fe19c9ec6e9ffda9,61.8,34.86,56.41,2462
ce20a2ec1514c25e16f2b5b39bc818f0,164,34.849999999999994,21.25,2463
bbf4a892cac7b82422baa711dffb8997,70,34.66,49.51,2464
a9415cf907dfa12f9ed18693244f5329,210,34.58000000000001,16.47,2465
ce33c6211beaa8fef4cae8b52db39862,49,34.480000000000004,70.37,2466
c8771b1a10bb99bb34d3c459c5cffb53,64.9,33.7,51.93,2467
1b61fb1f0f2185d89e9a126c498e9cc7,49.7,33.59,67.59,2468
8e4f041ff58e7845456d3482524014b3,66.9,33.540000000000006,50.13,2469
1e483cc5c76fef08d3ca05f9a8af7d01,109.29999999999998,33.54,30.69,2470
e4f121bf6ef8b9a1d4d3e65dd0473fab,70,33.54,47.91,2470
ea4e9ce63a2134743b4a92777437fcdd,48.9,33.46,68.43,2472
c4b911d06343b21dd906651f8101cb49,57.99,33.27,57.37,2473
e45edf75f568ed2f93f78d060e246e25,118.5,33.17999999999999,28,2474
fc38b5dceee1a730fad8853453437fbd,77.4,33.11,42.78,2475
513a54369b6a8a6602fcb0e129c6d78d,47.8,32.94,68.91,2476
26e13b6ff5b641b329e5524241ee2c93,89.8,32.69,36.4,2477
762fafdaa57a532ee0119731697579dd,58.4,32.67,55.94,2478
d598f929fc44e1e38678e7f47250ec04,69.9,32.50000000000001,46.49,2479
ac9b01377919cdbd2a1bbb8d5837c70b,55.9,32.36,57.89,2480
c2bda99904207edd1834f03e0022b007,39.9,32.12,80.5,2481
da3fede3469bf49b7293ce3fc45b294d,44.9,32.11,71.51,2482
a69aa24cec11168e7e39a3fbc727e925,39.99,31.550000000000004,78.89,2483
8d46553a36e68f95350a200c12f8f2e2,81.5,31.549999999999997,38.71,2484
5587130f9850696ed7fafbc91c2cee44,49.9,31.45,63.03,2485
902c99f1ac505c0d18778b61bcd636f7,39.49,31.050000000000004,78.63,2486
5aaa890629f83706d8d9bfecd8377c1c,48.9,30.979999999999997,63.35,2487
55c96925041a14097b6a7825554f4ad5,52,30.92,59.46,2488
7f35f9daf223da737b78738fbae4d977,72,30.9,42.92,2489
9c351405b754cc5ce3e2ecf277bb034a,45,30.89,68.64,2490
15b3b1b81484422eb41df68ac87f1f50,43.35,30.660000000000004,70.73,2491
e09887ca8c7bf8a4621ce481820414ef,39.99,30.650000000000002,76.64,2492
fc908879b9ca1bd65419e54e50432d38,60.8,30.61,50.35,2493
661ad5fcc28cdfb8bcadb12bb2272475,89.97,30.589999999999993,34,2494
36f98ad67cc981f50ce8aed093d5783c,50,30.46,60.92,2495
ec2e006556300a79a5a91e4876ab3a56,47.8,30.089999999999996,62.95,2496
ad75519a07f039025e83795a4418470f,57.02,30.080000000000002,52.75,2497
24a6daf925d9d591870a66660416de31,60,29.919999999999998,49.87,2498
c963a25b8671419c6ce9eebe8fd03218,49,29.68,60.57,2499
bbd3acfe6de99892e73940d3fdceaf68,38,29.57,77.82,2500
7b3447b497e55af8c15fc7bd89d7b81a,49.9,29.15,58.42,2501
a7b7354cc588f7566a848bcbb1ce3d96,39.9,28.939999999999998,72.53,2502
83c8aafbefb034674a70de0eac5b8954,65.9,28.750000000000007,43.63,2503
86ff3eaef0267069cc891a2ed9d10a17,57.39,28.549999999999997,49.75,2504
bb3dca718920a4d7ec3cc9ffb025108b,72,28.299999999999997,39.31,2505
51e0557bc7b86de13e946c60ee91ce39,45.8,28.199999999999996,61.57,2506
4e2627090e6e5b9fabba883a37897683,39.9,28.18,70.63,2507
553a440137d6e0cf776aee0bb83ac9f5,35.9,28.029999999999998,78.08,2508
bdb3edbaee43a761e2d4f258dc08f348,54.8,27.849999999999998,50.82,2509
8cf21434553b02cbd37c0bbd07e041b0,94.98,27.830000000000005,29.3,2510
d52cbce9845184537284a23c3bc3da0e,58,27.8,47.93,2511
160851d3ece7aa1a510f8d1a4bb8a8af,46.9,27.38,58.38,2512
bca9230d3bbb4efa51872bf605a2f1ad,42.67,26.99,63.25,2513
60da8bfa7eebe230b7d66ac4082d79b3,39.9,26.96,67.57,2514
e6ffc9ac6a7adc9d16a1cfc2286dd546,34.99,26.700000000000003,76.31,2515
05a48cc8859962767935ab9087417fbb,42.9,26.41,61.56,2516
e53d5b9b29d1218281f4a907ada18626,86.77000000000001,26.270000000000003,30.28,2517
941554c5757b73ba0e50aa7732310afc,55.89,26.269999999999996,47,2518
2b5ed0c9139dae8883a200dfcb272ece,85.41,26.069999999999993,30.52,2519
a0a14e50070f3225b3eabba5b85da517,44.05,25.939999999999998,58.89,2520
538caafddff204241cecbf3a02e6b3cf,100.6,25.75,25.6,2521
05aebce0b5c8f0d41b29b686f2d05fd3,34.99,25.650000000000002,73.31,2522
2b2fed75b8e5ea3a052fc4c0825da485,37.9,25.419999999999998,67.07,2523
11d4c477d09821164bca4f70a2eae031,83.03999999999999,25.220000000000006,30.37,2524
166e8f1381e09651983c38b1f6f91c11,39.9,24.799999999999997,62.16,2525
6187a137b2af59dfdbad8d9f8c373c14,39.9,24.79,62.13,2526
35ef5aa32949680f627efec3c23e705c,93.69999999999999,24.629999999999995,26.29,2527
89dda63a3c907c468ec88c310ed91213,44.99,24.590000000000003,54.66,2528
3338e7a0710a195872be80e0d2423867,45,24.57,54.6,2529
4125d9385a25e82d2f72d3a0fd55bc3f,42.9,24.5,57.11,2530
9558aa23f77a9e0a0eca83540999f43b,39,24.48,62.77,2531
cb5ff1b9715e99589f3e0c7a6afab9e3,65,24.45,37.62,2532
e4fc40017a6d22c46a14ac2e17f87c3e,258,24.239999999999995,9.4,2533
5206cc4bc2297c833e6061c49bf9c43f,35,24.04,68.69,2534
528ce32f560edd11add4169f6a5b65be,29.9,23.869999999999997,79.83,2535
9bade61a92bed55a25d2b67b9f4ed739,42.9,23.86,55.62,2536
df683dfda87bf71ac3fc63063fba369d,39.9,23.849999999999998,59.77,2537
e1a210d482714ce337763a19aef94ba4,49.9,23.29,46.67,2538
c97aa4ee7420f937da13b7f9e2228b99,29.9,23.24,77.73,2539
5de1c80811ce7007f62f00d971236c09,36.9,23.159999999999997,62.76,2540
028872bfa080090a9d0abd4f1af168f8,70.5,23.130000000000003,32.81,2541
5721089ba9214e80074f27d5a03fc0eb,37.98,22.879999999999995,60.24,2542
16bdc8cefd0e32a6f0824d296c5ad14a,41.76,22.439999999999998,53.74,2543
aa17b35ce4de7b565be3249ba838944f,39.9,22.299999999999997,55.89,2544
26f6b7ab07be3e9e69ce82a6552efc19,29.9,22.27,74.48,2545
c0e0b73d039eb9a99b6ce4cb7a429cd3,29.88,22.2,74.3,2546
139157dd4daa45c25b0807ffff348363,29.9,22.119999999999997,73.98,2547
83f2b4881141ce3fcd4e985125d3279e,34.9,22.11,63.35,2548
05e107217c7266362fd44b75b2cd4cc4,68.68,22.060000000000006,32.12,2549
e116c7455dd26a4d8c3e92532583905f,36.76,21.979999999999997,59.79,2550
643c01d7c56a724bec0454f4780e8a3e,39.9,21.669999999999998,54.31,2551
edb58a1390adf273840030a3d6253829,39.9,21.52,53.93,2552
3f84fefc07dc159b268d4a77d3e8c425,39.9,21.52,53.93,2552
45c20d94d9171b0bcfab3c955e47d67b,36.49,21.39,58.62,2554
8fb67a334bacec338885b4e9e1708073,59.9,21.379999999999995,35.69,2555
217f005bb37ff3aeef5b2ae1788e75ba,49.98,20.779999999999998,41.58,2556
a218df5c097b0ca409cfaac1488cc7f6,130.69,20.680000000000007,15.82,2557
1a6245add4353f18ed55138808906979,30,20.66,68.87,2558
d0d70d21e2234dd7cd3cf63fe414148a,273.8,20.550000000000004,7.51,2559
101a3a003516bc11253298b2fad3cb65,40,20.53,51.32,2560
a90a5da8b09e44264a177c0374a5ac87,34.9,20.38,58.4,2561
baeda7047354773262ba2405f97038ba,35,19.9,56.86,2562
c716e0b86ed568878475b60fbb6323ad,35,19.77,56.49,2563
57fe6232e67823593374a2281d7a8af8,44.64,19.26,43.15,2564
15ead3a5037a918ddb520dfe39a3d2b9,75,19.23,25.64,2565
6d988d6174a2c27441597174f8905515,121.69000000000001,18.959999999999994,15.58,2566
918f6fbcf3ab724d805867303e593a1b,29.9,18.939999999999998,63.34,2567
bf0d50a6410d487dc97d2baac0a8c0be,27.9,18.64,66.81,2568
5194c22ed1f616ec0c0f33c571542879,62.8,18.499999999999996,29.46,2569
4bcec44888b30ba9001234c534716d3f,44,18.36,41.73,2570
a1ed30492b3b798bc121845bc4aa7366,41.8,18.099999999999998,43.3,2571
43b2c864251aa0ce4030c746984e088a,34.9,17.729999999999997,50.8,2572
d4828feed4cda2cd9d6b37899a95a71e,39.9,17.689999999999998,44.34,2573
1992f8fb6b19fcccd97ca819811e7267,28.8,17.58,61.04,2574
3a52d63a8f9daf5a28f3626d7eb9bd28,35,17.22,49.2,2575
7b3f6ce5c6c22e9b96e7581ebf0df6e1,29.8,17.11,57.42,2576
2fa13c8bd5705d279f7ed5cc9ec61c68,70.5,16.590000000000003,23.53,2577
f0ec78809fe0bc3edb11c9fe5b97b059,24.7,16.41,66.44,2578
74c7dec0a384d8a05950e629bd23bde9,28.9,16.21,56.09,2579
02a2272692e13558373c66db98f05e2e,54.98,16.109999999999996,29.3,2580
9c3a1c416c765687bc79a04113269929,74.9,16.000000000000007,21.36,2581
fdf736c18c589ed030e058312203e1b2,30,15.49,51.63,2582
436bf27f2f18474fc6047702e9f8a866,29.9,15.379999999999999,51.44,2583
7f5e4d5efad7e44b91115dd1decb65f3,30,15.22,50.73,2584
84c945f15571830c1a91a33978e94009,25.99,15.029999999999998,57.83,2585
c13fb473e7cb8b83ccd543c094df0608,34.9,14.899999999999999,42.69,2586
32f83ffe11cd40f7adcf4eef171f52d9,29.99,14.889999999999999,49.65,2587
c43d924a0f1688ee9fae0efcd6f539d4,29.9,14.79,49.46,2588
b8d890108a7a80e4f5d59eea9f362438,29.9,14.79,49.46,2588
7b7ed56ae755e2880f2b69632e839c1e,33.9,14.75,43.51,2590
ab91571efab27993ff2f6b36e38055c3,51.12,14.659999999999997,28.68,2591
db1f0f7c7e5e87f40b62226f020bb297,28.99,14.469999999999999,49.91,2592
bc8c8d665ec4664d286be0d521722b19,22.5,14.18,63.02,2593
7d294cf9a6a69dc6a0c3e540fff0e039,102.9,14.150000000000006,13.75,2594
3820c6537b3853be1a0687d5a60807ec,25,14.04,56.16,2595
d4a5e99e0dd915df64ba55a7fbd583fd,27.9,13.799999999999999,49.46,2596
a09a13f18ed27932d08438aa6f12756e,29.9,13.79,46.12,2597
1acde099eb406aa220b1169b188b42da,84.5,13.719999999999995,16.24,2598
c1849d4d32d7a6cecd5aa471809d3135,29.979999999999997,13.7,45.7,2599
446cc09cdbb130904da114e807dbec40,33.8,13.619999999999997,40.3,2600
b3e2faf2c1004d674f16a3aa3197f0e1,24.49,13.529999999999998,55.25,2601
b452cb0ae35044c4a53179c39f49fb06,39.8,13.369999999999997,33.59,2602
38f276ca6e7cc95a6d1bb55ac9e5550f,24.99,13.139999999999999,52.58,2603
b026643914f651e8371425e5b8a1e780,27.9,12.799999999999999,45.88,2604
28a26ebce31d5918b181ede016fd693b,29.9,12.759999999999998,42.68,2605
23ca5f678e0b3ea6c630b30fa8bf51ea,27,12.48,46.22,2606
22c32ec35d0116ef02c281798a25bf8b,77.78999999999999,12.320000000000002,15.84,2607
a9b533a26e898b12e8b8d4c07279bf4d,29.9,12.27,41.04,2608
48efc9d94a9834137efd9ea76b065a38,169.20000000000005,12.239999999999995,7.23,2609
0336182e1b3e92f029d5354832045fdf,29.8,12.23,41.04,2610
1d0646a72178a6fb37ee8082140e06ec,30.5,12.190000000000001,39.97,2611
c200c73f9d7e5a08ca439d6a0803da7c,40,11.8,29.5,2612
668bf321538e5072858eaef6087ce027,19.9,11.79,59.25,2613
48e5ee06fb2dc74df1c711a9b6dfac2a,57,11.700000000000001,20.53,2614
57df9869a600bd6b7c405f2a862eccfb,25,11.53,46.12,2615
72c73be2b085b9d57650dd53eb2004c9,29.4,11.479999999999997,39.05,2616
7315baebc0572ff220d226283dc66728,25.95,11.43,44.05,2617
a2a41aedb70551d4a85aa04dc2fced48,28.9,11.299999999999997,39.1,2618
87b4428a334b8f676fd9a7f3bf544fb5,29.99,11,36.68,2619
7c4adcc13272c0e26fa23aac642adb7b,25,10.9,43.6,2620
3aa3c89ae3cd482385568be76120f63c,29.9,10.86,36.32,2621
07e8e8fc5222bb358e6f259da3197074,25.9,10.62,41,2622
f3295428338a40977a03f555246a70f4,42.39,10.49,24.75,2623
cad9969167c09b48ae6f1d123f7fa68d,24,10.49,43.71,2623
5733d806668f8712c24b9abaefbfa642,77.9,10.430000000000007,13.39,2625
42fb44130ac3134cde8e35cf8ec7df25,24.9,10.379999999999999,41.69,2626
1c83418358f249c9d6affa52d579db0e,24.9,10.379999999999999,41.69,2626
6548c2550b6e2d8f18053216e1c7b6f3,25,10.22,40.88,2628
7cb946b1ad19faebe28c3e86c2794ec3,25,9.9,39.6,2629
e88165a185134e13fdfc85d4fa654db8,18,9.71,53.94,2630
3986c0b54f6b748b75e7bd4e092aa3e5,24.99,9.709999999999999,38.86,2631
eaf6d55068dea77334e8477d3878d89e,17,9.61,56.53,2632
d2f3e277560ed4c6361284429b00f037,46.900000000000006,9.260000000000005,19.74,2633
0b46f784306be7200ca1700aa55d819f,19.9,8.939999999999998,44.92,2634
bcd2d7510d58e293f20fad6438c1b314,23.9,8.339999999999998,34.9,2635
23ff42c4bf1f8f16cddb19d8b972974a,24.9,8.11,32.57,2636
392f7f2c797e4dc077e4311bde2ab8ce,26,7.719999999999999,29.69,2637
ed49da7cadefc454d6a67de249eab240,21.5,7.390000000000001,34.37,2638
e9e446d01bd10a97a8ffcfc4a3a20cb2,14.75,7.36,49.9,2639
7caa63f175b1cecbfaadd8b5ab9998c7,19.9,7.109999999999999,35.73,2640
34675b28b826facfde119785bf287dc1,21.99,6.889999999999999,31.33,2641
b77a27b1864483e721dc831d5ba4afa0,20.9,6.799999999999999,32.54,2642
33fd411ed63a7c2f9005e3f065d9f85d,24.9,6.669999999999998,26.79,2643
98f52e1020fe788c10c0418de4393fec,21.6,6.500000000000002,30.09,2644
3a3c180dd702a725bd0ba4117689239e,41.9,6.420000000000002,15.32,2645
07d75e33f2750d97d467fb57e4dfdd8a,22.5,6.18,27.47,2646
cac4e0bc1a3269fa2b6ea5e763f6115b,43.64,6.100000000000001,13.98,2647
56f413900b5166ab4d730e9ac0b12cb0,31.8,5.950000000000001,18.71,2648
e76ecc7e9a1a1e3c6df9d2a8261c423d,20,5.9,29.5,2649
d93b8458c6fe139d85cfa5eadbf55bd2,19.9,5.799999999999999,29.15,2650
63bc58679c44e8a998792119fd7ad23e,19.9,5.789999999999999,29.1,2651
bd43e172d599bed47a85da877172ca8c,23.92,5.650000000000002,23.62,2652
2cb98e27ce1c18abdb42209b34c382a7,62.49,5.280000000000001,8.45,2653
999f6d9a1c7c81f43be44c6b7d076210,28,5.17,18.46,2654
c1dde11f12d05c478f5de2d7319ad3b2,12.5,5.11,40.88,2655
4de6e4ba574aa9dfdc824bc44dc47fdd,94.69999999999999,5.030000000000001,5.31,2656
52454f90d4c30c016768db02f88c1a74,19.8,5.020000000000001,25.35,2657
b5f0712d22a873b6797ab6cc65c3fcba,12.99,4.700000000000001,36.18,2658
a5ff20ff766e7f50bd5066f33da14413,30,4.420000000000002,14.73,2659
bdf0d02d36a1d839d0c39c4a887cdd49,70,4.250000000000002,6.07,2660
5566627eab3fe93fd6ee08798226101a,33.8,4.18,12.37,2661
3c88ed2e76a2247933a15daa7161eb1c,155,3.8000000000000114,2.45,2662
13e85aac53340018b40c2af68001b7e0,17.8,3.6800000000000015,20.67,2663
cc1f04647be106ba74e62b21f358af25,11.9,3.610000000000001,30.34,2664
6576fd3e23c88f0e5d4d23f39bba0542,14.5,3.539999999999999,24.41,2665
e4253cef933647000a82ff39c67b7bde,29,3.370000000000001,11.62,2666
5c853bb56f70f4d14218944bae111d7a,144.42,3.350000000000003,2.32,2667
5b92bfa4120daa27c574daa2e386c693,14,3.039999999999999,21.71,2668
f3862c2188522d89860c38a3ea8b550d,15.5,2.710000000000001,17.48,2669
c6381b1321d7d97717a5bb4ed5b77882,10,1.7100000000000009,17.1,2670
7ab0dd5487bab2dc835337b244f689fb,12.5,1.5399999999999991,12.32,2671
039b29ff3b3473435d0cd59040575de9,72.3,1.21,1.67,2672
9d69ba0a7a626a64dc5db08e529559cf,19.3,1.0600000000000023,5.49,2673
741f8c587cb4248ebc5b779a0e8e0e51,33.97,0.9600000000000009,2.83,2674
6614814a00d344b846ae209f95ee7e3f,13,0.3100000000000005,2.38,2675
f9f68daa2af419d38f745478bcb3da1a,11.2,0.23999999999999844,2.14,2676
eec3469d83e142f9a104886655338c37,10.9,-0.0600000000000005,-0.55,2677
519a7aa428f18d125a283cf8c014fdd6,49.8,-0.2900000000000027,-0.58,2678
c3e2398fcc7e581cda2e546557bf6968,14.9,-0.33000000000000007,-2.21,2679
5a4236931428800e9d9cc04af0987118,44.97,-0.7200000000000006,-1.6,2680
539ed9e19811677513447759be5eccfc,14.2,-1.0300000000000011,-7.25,2681
2c54051840f19eca309a5423cf22df36,12.35,-1.120000000000001,-9.07,2682
c1d1ebb4745cc43cb6f05e9c8a705c9a,22,-1.4600000000000009,-6.64,2683
c0aff2da32c17759d30b22fb0af6649d,32,-1.4600000000000009,-4.56,2683
d8d9567d0bfb0bc7eb845a205ba42657,34.8,-1.7600000000000033,-5.06,2685
67e43d802fde8cfd3f9580124f8167d1,12,-2.119999999999999,-17.67,2686
d7ab82074b5f1dfba46db123df101bff,12.89,-2.209999999999999,-17.15,2687
9cea4682e16655f7da87f406902e989e,4.78,-3.329999999999999,-69.67,2688
702835e4b785b67a084280efca355756,7.6,-3.360000000000001,-44.21,2689
6c9875b2f94ba781186f0c1aed8d1687,19.5,-3.450000000000001,-17.69,2690
01266d4c46afa519678d16a8b683d325,9.88,-3.59,-36.34,2691
fb503a924a0b9db19d83dd0ac6dbef8c,13.9,-4.020000000000001,-28.92,2692
c7bb64409aa480bb7d0335faaaf3d242,13.9,-4.33,-31.15,2693
66d5ae34537110d3affc56174dad2b2f,33.81,-4.559999999999999,-13.49,2694
8dfbc5ff27df12f6cef751d3b9554222,10,-5.23,-52.3,2695
954e95f20808d7e5d11f0de292d078e0,79.8,-5.719999999999999,-7.17,2696
5cf1ec37aea089f45110c70653a166ab,15,-5.800000000000001,-38.67,2697
b2f4d63c7203f539a78252565ca32257,14.9,-5.9399999999999995,-39.87,2698
179d859f51292aac5c10806a356f7af9,298.98,-6.060000000000009,-2.03,2699
1fbe10c70e30765ed1de86d9f7e98409,30.75,-6.199999999999997,-20.16,2700
bb7ad8a45c027be8ab075b8e465f8ca0,9.99,-6.33,-63.36,2701
9b1f656ca3060f8af17a50d8a024b533,41,-6.68,-16.29,2702
a8739afb32aaa45e01815ca76f76f54b,193.64,-7.550000000000004,-3.9,2703
29c322e3f09f886f8bacbe91dfbd979e,48.98,-7.610000000000003,-15.54,2704
e5c84227854980f1db19a58958c551d9,25.5,-7.960000000000001,-31.22,2705
a61cc04793308395a840807104365121,14.63,-9.109999999999998,-62.27,2706
a5dd1946fb63ada8bcaa0c9cd8f11e22,171.74,-9.339999999999996,-5.44,2707
8d92f3ea807b89465643c219455e7369,121.2,-10.370000000000003,-8.56,2708
077c5fae4bea9500e3737b16f71b9d3a,15,-10.379999999999999,-69.2,2709
9996ae921c50e8dff411ac69c0b4bb8b,19.8,-10.399999999999999,-52.53,2710
63b9ae557efed31d1f7687917d248a8d,29.9,-10.990000000000002,-36.76,2711
70c0fda4c313d87115644d39e62eec60,25.99,-11.100000000000005,-42.71,2712
d9d43faf741ceaa8da52fdbb81d9e0e3,126,-12.329999999999998,-9.79,2713
8fff28c4263ddec387f28d237fb42773,32.7,-12.99,-39.72,2714
33d677f27a69b84051204ee4ae76eaca,44.7,-13.819999999999999,-30.92,2715
80146bc52c4f6af5239b23de2a20262b,27.1,-22.58,-83.32,2716
739c7d7be81f63812dea0d1b1451c651,27.6,-24.879999999999995,-90.14,2717
9d213f303afae4983637247556438ede,47.7,-25.41,-53.27,2718
034b9387752bfa309f350a70cd45ffa3,48,-28.75,-59.9,2719
916748bc99315c2d202898ae58b1617e,158.40000000000003,-36.06999999999999,-22.77,2720
e8f6dc8e6a1dcde89d20e3995c8d90b3,1059.6999999999996,-252.3700000000001,-23.82,2721
